Date,Item Name,Item Type,Item Price,Quantity,Transaction Amount,Transaction Type,Staff Gender,Time of Sale,Year-Month
2023-03-01,Hotdog,Fast-food,9.37,4,37.47,Others,Male,Morning,2023-03
2023-03-01,Smoothie,Beverages,6.38,4,25.52,Cash,Male,Midnight,2023-03
2023-03-01,Tea,Beverages,2.86,4,11.45,Cash,Female,Night,2023-03
2023-03-01,Sandwich,Fast-food,9.08,3,27.23,Online,Female,Night,2023-03
2023-03-01,Smoothie,Beverages,5.97,1,5.97,Online,Male,Midnight,2023-03
2023-03-01,Fries,Fast-food,8.82,3,26.47,Online,Female,Night,2023-03
2023-03-01,Hotdog,Fast-food,10.92,3,32.75,Online,Male,Afternoon,2023-03
2023-03-01,Soda,Beverages,5.14,1,5.14,Others,Female,Night,2023-03
2023-03-01,Burger,Fast-food,6.25,2,12.51,Online,Male,Morning,2023-03
2023-03-01,Burger,Fast-food,10.51,2,21.02,Online,Female,Night,2023-03
2023-03-01,Tacos,Fast-food,8.19,1,8.19,Cash,Male,Morning,2023-03
2023-03-01,Soda,Beverages,6.0,2,12.01,Others,Male,Evening,2023-03
2023-03-01,Fries,Fast-food,13.44,4,53.78,Others,Female,Midnight,2023-03
2023-03-01,Juice,Beverages,4.44,2,8.88,Cash,Male,Night,2023-03
2023-03-02,Hotdog,Fast-food,8.34,1,8.34,Cash,Male,Afternoon,2023-03
2023-03-02,Coffee,Beverages,3.69,4,14.75,Others,Female,Morning,2023-03
2023-03-02,Milkshake,Beverages,6.32,4,25.29,Others,Male,Midnight,2023-03
2023-03-02,Milkshake,Beverages,5.98,3,17.93,Online,Female,Afternoon,2023-03
2023-03-02,Juice,Beverages,5.58,4,22.31,Online,Female,Evening,2023-03
2023-03-02,Coffee,Beverages,3.97,2,7.93,Online,Female,Morning,2023-03
2023-03-02,Hotdog,Fast-food,9.26,1,9.26,Cash,Male,Evening,2023-03
2023-03-02,Fries,Fast-food,10.56,4,42.24,Others,Male,Morning,2023-03
2023-03-03,Fries,Fast-food,8.65,2,17.3,Online,Female,Midnight,2023-03
2023-03-03,Tacos,Fast-food,10.59,4,42.36,Cash,Female,Midnight,2023-03
2023-03-03,Sandwich,Fast-food,14.73,2,29.47,Online,Male,Midnight,2023-03
2023-03-03,Fries,Fast-food,9.22,2,18.43,Others,Female,Midnight,2023-03
2023-03-03,Sandwich,Fast-food,6.35,2,12.69,Others,Female,Morning,2023-03
2023-03-03,Sandwich,Fast-food,12.29,2,24.57,Online,Male,Night,2023-03
2023-03-04,Milkshake,Beverages,6.74,2,13.48,Cash,Female,Afternoon,2023-03
2023-03-04,Juice,Beverages,7.8,1,7.8,Cash,Male,Night,2023-03
2023-03-04,Pizza,Fast-food,14.9,3,44.71,Online,Male,Evening,2023-03
2023-03-04,Milkshake,Beverages,3.1,4,12.4,Cash,Male,Morning,2023-03
2023-03-04,Smoothie,Beverages,7.77,4,31.08,Online,Male,Morning,2023-03
2023-03-04,Milkshake,Beverages,6.18,4,24.71,Cash,Female,Midnight,2023-03
2023-03-04,Sandwich,Fast-food,9.82,4,39.29,Others,Female,Morning,2023-03
2023-03-04,Hotdog,Fast-food,9.68,2,19.37,Online,Female,Evening,2023-03
2023-03-04,Milkshake,Beverages,6.18,2,12.36,Online,Female,Morning,2023-03
2023-03-05,Soda,Beverages,3.81,3,11.43,Online,Female,Midnight,2023-03
2023-03-05,Soda,Beverages,3.16,3,9.47,Cash,Male,Midnight,2023-03
2023-03-05,Juice,Beverages,6.73,2,13.46,Cash,Female,Afternoon,2023-03
2023-03-05,Tea,Beverages,3.39,1,3.39,Others,Female,Midnight,2023-03
2023-03-05,Fries,Fast-food,8.63,1,8.63,Others,Female,Afternoon,2023-03
2023-03-06,Soda,Beverages,3.63,1,3.63,Online,Male,Evening,2023-03
2023-03-06,Tacos,Fast-food,6.99,3,20.97,Online,Male,Midnight,2023-03
2023-03-06,Burger,Fast-food,9.08,4,36.32,Cash,Female,Morning,2023-03
2023-03-06,Milkshake,Beverages,6.29,2,12.58,Online,Male,Night,2023-03
2023-03-06,Smoothie,Beverages,7.61,2,15.21,Others,Female,Midnight,2023-03
2023-03-07,Burger,Fast-food,14.53,2,29.06,Others,Male,Morning,2023-03
2023-03-07,Smoothie,Beverages,4.44,1,4.44,Online,Female,Night,2023-03
2023-03-07,Burger,Fast-food,7.84,2,15.67,Online,Female,Evening,2023-03
2023-03-07,Burger,Fast-food,12.32,4,49.28,Online,Female,Midnight,2023-03
2023-03-07,Juice,Beverages,5.64,2,11.28,Online,Male,Morning,2023-03
2023-03-07,Soda,Beverages,4.74,4,18.98,Others,Male,Night,2023-03
2023-03-07,Tea,Beverages,2.31,2,4.62,Cash,Female,Evening,2023-03
2023-03-07,Hotdog,Fast-food,10.82,2,21.64,Cash,Female,Afternoon,2023-03
2023-03-07,Milkshake,Beverages,6.49,3,19.47,Others,Female,Morning,2023-03
2023-03-07,Soda,Beverages,2.45,3,7.35,Online,Female,Midnight,2023-03
2023-03-07,Pizza,Fast-food,9.59,3,28.77,Online,Female,Afternoon,2023-03
2023-03-07,Soda,Beverages,5.35,1,5.35,Online,Female,Night,2023-03
2023-03-08,Coffee,Beverages,7.59,3,22.76,Cash,Female,Night,2023-03
2023-03-08,Juice,Beverages,3.21,4,12.83,Cash,Male,Evening,2023-03
2023-03-08,Fries,Fast-food,9.07,3,27.22,Others,Male,Evening,2023-03
2023-03-08,Soda,Beverages,7.38,4,29.51,Online,Female,Morning,2023-03
2023-03-08,Burger,Fast-food,6.75,2,13.5,Cash,Female,Night,2023-03
2023-03-08,Pizza,Fast-food,7.84,2,15.68,Others,Male,Morning,2023-03
2023-03-08,Fries,Fast-food,9.49,1,9.49,Others,Male,Midnight,2023-03
2023-03-08,Tea,Beverages,5.54,1,5.54,Others,Female,Night,2023-03
2023-03-09,Juice,Beverages,2.99,3,8.96,Others,Male,Night,2023-03
2023-03-09,Pizza,Fast-food,12.09,3,36.26,Online,Male,Midnight,2023-03
2023-03-09,Burger,Fast-food,11.6,2,23.2,Others,Female,Midnight,2023-03
2023-03-09,Coffee,Beverages,2.4,1,2.4,Others,Male,Midnight,2023-03
2023-03-09,Tacos,Fast-food,6.58,4,26.3,Cash,Female,Evening,2023-03
2023-03-09,Tacos,Fast-food,13.06,4,52.24,Cash,Male,Afternoon,2023-03
2023-03-09,Tacos,Fast-food,8.56,2,17.11,Others,Female,Midnight,2023-03
2023-03-09,Coffee,Beverages,2.15,4,8.6,Others,Male,Afternoon,2023-03
2023-03-09,Sandwich,Fast-food,13.53,2,27.05,Others,Female,Evening,2023-03
2023-03-09,Sandwich,Fast-food,11.77,3,35.32,Cash,Male,Afternoon,2023-03
2023-03-09,Hotdog,Fast-food,14.08,3,42.25,Cash,Male,Evening,2023-03
2023-03-09,Hotdog,Fast-food,11.0,4,43.98,Online,Male,Night,2023-03
2023-03-10,Burger,Fast-food,13.01,2,26.01,Others,Female,Midnight,2023-03
2023-03-10,Juice,Beverages,3.37,1,3.37,Cash,Male,Night,2023-03
2023-03-10,Tea,Beverages,2.24,4,8.94,Others,Female,Midnight,2023-03
2023-03-10,Smoothie,Beverages,7.74,4,30.95,Others,Female,Afternoon,2023-03
2023-03-10,Hotdog,Fast-food,13.43,1,13.43,Online,Female,Midnight,2023-03
2023-03-10,Tacos,Fast-food,6.17,3,18.52,Cash,Female,Evening,2023-03
2023-03-10,Pizza,Fast-food,9.06,1,9.06,Others,Male,Afternoon,2023-03
2023-03-10,Smoothie,Beverages,6.03,1,6.03,Online,Female,Evening,2023-03
2023-03-10,Tea,Beverages,7.06,1,7.06,Others,Female,Evening,2023-03
2023-03-10,Sandwich,Fast-food,7.8,4,31.2,Cash,Male,Night,2023-03
2023-03-10,Milkshake,Beverages,5.41,4,21.65,Others,Female,Afternoon,2023-03
2023-03-10,Milkshake,Beverages,2.44,1,2.44,Others,Female,Morning,2023-03
2023-03-11,Fries,Fast-food,10.4,3,31.21,Others,Male,Evening,2023-03
2023-03-11,Fries,Fast-food,10.33,4,41.34,Cash,Male,Morning,2023-03
2023-03-11,Smoothie,Beverages,5.13,3,15.39,Online,Female,Midnight,2023-03
2023-03-11,Milkshake,Beverages,4.89,3,14.68,Online,Female,Midnight,2023-03
2023-03-11,Hotdog,Fast-food,6.75,2,13.5,Online,Female,Midnight,2023-03
2023-03-11,Tacos,Fast-food,6.46,1,6.46,Others,Female,Afternoon,2023-03
2023-03-11,Sandwich,Fast-food,8.91,3,26.74,Online,Male,Afternoon,2023-03
2023-03-11,Smoothie,Beverages,6.0,3,17.99,Online,Male,Midnight,2023-03
2023-03-11,Tacos,Fast-food,9.91,4,39.62,Online,Female,Afternoon,2023-03
2023-03-11,Coffee,Beverages,5.09,4,20.35,Others,Male,Midnight,2023-03
2023-03-12,Tacos,Fast-food,6.0,3,18.01,Others,Female,Midnight,2023-03
2023-03-12,Juice,Beverages,5.83,4,23.33,Cash,Male,Night,2023-03
2023-03-12,Coffee,Beverages,7.68,1,7.68,Others,Female,Afternoon,2023-03
2023-03-12,Pizza,Fast-food,8.47,4,33.86,Online,Male,Night,2023-03
2023-03-12,Smoothie,Beverages,7.76,4,31.03,Others,Male,Afternoon,2023-03
2023-03-12,Tea,Beverages,6.53,3,19.59,Online,Male,Midnight,2023-03
2023-03-12,Juice,Beverages,2.23,1,2.23,Online,Female,Afternoon,2023-03
2023-03-12,Fries,Fast-food,12.82,1,12.82,Online,Female,Midnight,2023-03
2023-03-12,Burger,Fast-food,8.63,3,25.89,Cash,Male,Afternoon,2023-03
2023-03-12,Tea,Beverages,6.84,3,20.52,Online,Male,Midnight,2023-03
2023-03-12,Tacos,Fast-food,7.02,4,28.07,Others,Male,Evening,2023-03
2023-03-13,Hotdog,Fast-food,7.27,3,21.82,Online,Male,Morning,2023-03
2023-03-13,Tacos,Fast-food,11.81,2,23.61,Cash,Male,Afternoon,2023-03
2023-03-13,Smoothie,Beverages,5.28,2,10.57,Others,Male,Night,2023-03
2023-03-13,Tacos,Fast-food,7.3,2,14.59,Online,Female,Evening,2023-03
2023-03-13,Pizza,Fast-food,11.39,3,34.17,Cash,Male,Morning,2023-03
2023-03-13,Tea,Beverages,7.21,1,7.21,Online,Male,Evening,2023-03
2023-03-13,Fries,Fast-food,10.35,3,31.04,Cash,Male,Afternoon,2023-03
2023-03-13,Soda,Beverages,6.4,3,19.21,Online,Male,Night,2023-03
2023-03-13,Sandwich,Fast-food,8.68,2,17.37,Others,Female,Midnight,2023-03
2023-03-13,Pizza,Fast-food,13.58,1,13.58,Others,Female,Afternoon,2023-03
2023-03-13,Juice,Beverages,2.18,1,2.18,Others,Male,Midnight,2023-03
2023-03-13,Burger,Fast-food,13.27,3,39.8,Online,Male,Evening,2023-03
2023-03-13,Tacos,Fast-food,11.02,2,22.03,Cash,Male,Morning,2023-03
2023-03-13,Sandwich,Fast-food,12.99,2,25.98,Cash,Male,Midnight,2023-03
2023-03-14,Burger,Fast-food,11.04,2,22.07,Cash,Female,Morning,2023-03
2023-03-14,Pizza,Fast-food,14.08,2,28.16,Cash,Female,Midnight,2023-03
2023-03-14,Pizza,Fast-food,7.97,3,23.92,Others,Female,Afternoon,2023-03
2023-03-14,Soda,Beverages,4.74,4,18.95,Online,Male,Morning,2023-03
2023-03-14,Smoothie,Beverages,6.52,3,19.55,Online,Male,Midnight,2023-03
2023-03-14,Smoothie,Beverages,6.02,1,6.02,Online,Female,Evening,2023-03
2023-03-14,Tacos,Fast-food,10.84,4,43.38,Cash,Male,Afternoon,2023-03
2023-03-14,Tea,Beverages,5.53,1,5.53,Online,Male,Night,2023-03
2023-03-14,Coffee,Beverages,7.85,2,15.71,Cash,Male,Afternoon,2023-03
2023-03-15,Juice,Beverages,7.15,4,28.58,Others,Female,Evening,2023-03
2023-03-15,Smoothie,Beverages,3.77,2,7.54,Cash,Female,Midnight,2023-03
2023-03-15,Soda,Beverages,3.52,2,7.05,Others,Female,Afternoon,2023-03
2023-03-15,Soda,Beverages,2.81,2,5.62,Cash,Male,Midnight,2023-03
2023-03-15,Burger,Fast-food,12.27,1,12.27,Others,Male,Evening,2023-03
2023-03-15,Pizza,Fast-food,7.68,1,7.68,Online,Male,Midnight,2023-03
2023-03-15,Sandwich,Fast-food,5.69,2,11.37,Cash,Female,Afternoon,2023-03
2023-03-15,Hotdog,Fast-food,12.89,1,12.89,Cash,Male,Morning,2023-03
2023-03-15,Tea,Beverages,3.41,3,10.23,Cash,Male,Midnight,2023-03
2023-03-15,Juice,Beverages,6.58,3,19.73,Cash,Female,Afternoon,2023-03
2023-03-15,Sandwich,Fast-food,6.88,2,13.77,Others,Female,Afternoon,2023-03
2023-03-15,Hotdog,Fast-food,13.42,1,13.42,Cash,Female,Morning,2023-03
2023-03-15,Hotdog,Fast-food,9.14,4,36.56,Online,Male,Afternoon,2023-03
2023-03-15,Sandwich,Fast-food,11.94,3,35.81,Cash,Male,Morning,2023-03
2023-03-16,Burger,Fast-food,13.24,3,39.71,Online,Female,Morning,2023-03
2023-03-16,Soda,Beverages,3.43,2,6.86,Others,Male,Evening,2023-03
2023-03-16,Coffee,Beverages,5.8,3,17.39,Online,Female,Midnight,2023-03
2023-03-16,Soda,Beverages,3.53,3,10.58,Cash,Male,Evening,2023-03
2023-03-16,Fries,Fast-food,10.21,3,30.62,Cash,Female,Morning,2023-03
2023-03-17,Coffee,Beverages,3.37,2,6.75,Online,Female,Afternoon,2023-03
2023-03-17,Hotdog,Fast-food,14.67,3,44.0,Others,Female,Morning,2023-03
2023-03-17,Soda,Beverages,7.8,3,23.4,Online,Female,Morning,2023-03
2023-03-17,Milkshake,Beverages,3.78,3,11.35,Others,Male,Morning,2023-03
2023-03-17,Hotdog,Fast-food,9.22,2,18.45,Online,Female,Afternoon,2023-03
2023-03-17,Tea,Beverages,6.26,4,25.05,Cash,Male,Night,2023-03
2023-03-17,Juice,Beverages,6.12,3,18.37,Cash,Male,Morning,2023-03
2023-03-17,Soda,Beverages,5.29,3,15.88,Cash,Female,Midnight,2023-03
2023-03-17,Smoothie,Beverages,7.51,1,7.51,Cash,Female,Night,2023-03
2023-03-18,Pizza,Fast-food,13.48,2,26.96,Online,Male,Morning,2023-03
2023-03-18,Coffee,Beverages,6.51,4,26.04,Others,Female,Morning,2023-03
2023-03-18,Soda,Beverages,4.7,3,14.1,Cash,Female,Midnight,2023-03
2023-03-18,Coffee,Beverages,5.84,1,5.84,Online,Female,Evening,2023-03
2023-03-18,Smoothie,Beverages,4.22,3,12.65,Cash,Female,Evening,2023-03
2023-03-18,Fries,Fast-food,12.21,4,48.85,Online,Female,Night,2023-03
2023-03-18,Tacos,Fast-food,14.54,1,14.54,Cash,Male,Afternoon,2023-03
2023-03-18,Milkshake,Beverages,2.03,4,8.14,Cash,Female,Afternoon,2023-03
2023-03-18,Sandwich,Fast-food,5.51,4,22.05,Cash,Female,Midnight,2023-03
2023-03-18,Sandwich,Fast-food,9.91,4,39.63,Online,Female,Midnight,2023-03
2023-03-18,Burger,Fast-food,10.53,1,10.53,Cash,Male,Afternoon,2023-03
2023-03-18,Soda,Beverages,2.97,2,5.93,Others,Female,Afternoon,2023-03
2023-03-18,Burger,Fast-food,14.51,4,58.04,Others,Male,Evening,2023-03
2023-03-18,Pizza,Fast-food,10.49,3,31.48,Others,Male,Evening,2023-03
2023-03-19,Smoothie,Beverages,4.74,3,14.21,Online,Male,Midnight,2023-03
2023-03-19,Juice,Beverages,5.95,2,11.9,Cash,Male,Evening,2023-03
2023-03-19,Juice,Beverages,5.78,4,23.1,Cash,Female,Afternoon,2023-03
2023-03-19,Sandwich,Fast-food,7.06,1,7.06,Cash,Female,Morning,2023-03
2023-03-19,Tea,Beverages,4.78,3,14.35,Online,Female,Morning,2023-03
2023-03-19,Coffee,Beverages,7.37,1,7.37,Online,Female,Midnight,2023-03
2023-03-19,Smoothie,Beverages,2.3,1,2.3,Online,Male,Night,2023-03
2023-03-19,Tea,Beverages,2.81,2,5.63,Online,Female,Afternoon,2023-03
2023-03-20,Juice,Beverages,7.83,4,31.33,Others,Male,Midnight,2023-03
2023-03-20,Tea,Beverages,2.01,4,8.06,Online,Female,Midnight,2023-03
2023-03-20,Sandwich,Fast-food,13.05,3,39.16,Online,Male,Morning,2023-03
2023-03-20,Hotdog,Fast-food,13.3,3,39.9,Online,Male,Afternoon,2023-03
2023-03-20,Fries,Fast-food,14.87,4,59.47,Others,Female,Evening,2023-03
2023-03-20,Soda,Beverages,6.45,4,25.8,Cash,Male,Evening,2023-03
2023-03-20,Sandwich,Fast-food,12.1,2,24.2,Cash,Female,Afternoon,2023-03
2023-03-20,Burger,Fast-food,5.99,3,17.98,Others,Male,Afternoon,2023-03
2023-03-21,Sandwich,Fast-food,13.49,2,26.97,Cash,Female,Afternoon,2023-03
2023-03-21,Hotdog,Fast-food,14.55,2,29.09,Online,Female,Midnight,2023-03
2023-03-21,Smoothie,Beverages,7.03,3,21.09,Cash,Female,Night,2023-03
2023-03-21,Pizza,Fast-food,12.5,2,25.0,Others,Female,Evening,2023-03
2023-03-21,Smoothie,Beverages,5.41,4,21.66,Cash,Female,Evening,2023-03
2023-03-21,Soda,Beverages,2.45,2,4.91,Cash,Female,Morning,2023-03
2023-03-21,Milkshake,Beverages,2.68,1,2.68,Others,Female,Afternoon,2023-03
2023-03-21,Burger,Fast-food,14.03,3,42.08,Cash,Female,Night,2023-03
2023-03-22,Pizza,Fast-food,11.62,3,34.85,Others,Male,Night,2023-03
2023-03-22,Burger,Fast-food,8.68,2,17.35,Online,Male,Morning,2023-03
2023-03-22,Hotdog,Fast-food,12.52,2,25.04,Online,Male,Evening,2023-03
2023-03-22,Hotdog,Fast-food,8.66,3,25.99,Cash,Female,Midnight,2023-03
2023-03-22,Sandwich,Fast-food,12.47,3,37.4,Others,Male,Midnight,2023-03
2023-03-22,Burger,Fast-food,11.38,2,22.76,Cash,Female,Evening,2023-03
2023-03-22,Soda,Beverages,2.97,1,2.97,Cash,Female,Night,2023-03
2023-03-22,Milkshake,Beverages,5.8,4,23.2,Cash,Male,Midnight,2023-03
2023-03-23,Soda,Beverages,6.08,3,18.24,Cash,Male,Afternoon,2023-03
2023-03-23,Fries,Fast-food,13.31,1,13.31,Cash,Male,Morning,2023-03
2023-03-23,Smoothie,Beverages,5.3,3,15.91,Cash,Male,Afternoon,2023-03
2023-03-23,Hotdog,Fast-food,11.48,3,34.43,Cash,Female,Night,2023-03
2023-03-23,Milkshake,Beverages,4.16,2,8.32,Online,Male,Afternoon,2023-03
2023-03-23,Juice,Beverages,2.71,4,10.85,Online,Male,Night,2023-03
2023-03-23,Soda,Beverages,5.67,1,5.67,Others,Male,Midnight,2023-03
2023-03-23,Fries,Fast-food,11.43,1,11.43,Cash,Male,Midnight,2023-03
2023-03-23,Juice,Beverages,6.74,3,20.21,Online,Female,Night,2023-03
2023-03-24,Fries,Fast-food,5.36,4,21.43,Others,Male,Evening,2023-03
2023-03-24,Fries,Fast-food,7.56,3,22.68,Others,Female,Midnight,2023-03
2023-03-24,Hotdog,Fast-food,12.87,1,12.87,Cash,Male,Evening,2023-03
2023-03-24,Milkshake,Beverages,5.72,4,22.89,Online,Male,Afternoon,2023-03
2023-03-24,Milkshake,Beverages,7.38,3,22.13,Online,Female,Afternoon,2023-03
2023-03-24,Hotdog,Fast-food,5.53,2,11.06,Cash,Male,Midnight,2023-03
2023-03-24,Coffee,Beverages,6.73,4,26.9,Cash,Female,Morning,2023-03
2023-03-24,Soda,Beverages,5.35,3,16.06,Cash,Male,Evening,2023-03
2023-03-24,Tea,Beverages,3.93,4,15.72,Cash,Male,Night,2023-03
2023-03-24,Pizza,Fast-food,7.11,1,7.11,Online,Male,Midnight,2023-03
2023-03-24,Juice,Beverages,5.32,4,21.27,Others,Male,Morning,2023-03
2023-03-25,Sandwich,Fast-food,7.37,4,29.48,Online,Male,Morning,2023-03
2023-03-25,Juice,Beverages,2.81,4,11.22,Online,Female,Afternoon,2023-03
2023-03-25,Coffee,Beverages,6.91,3,20.74,Others,Female,Evening,2023-03
2023-03-25,Burger,Fast-food,6.96,2,13.91,Online,Male,Midnight,2023-03
2023-03-25,Fries,Fast-food,6.68,3,20.04,Online,Male,Morning,2023-03
2023-03-25,Smoothie,Beverages,3.23,3,9.7,Others,Male,Midnight,2023-03
2023-03-25,Pizza,Fast-food,13.7,1,13.7,Cash,Male,Evening,2023-03
2023-03-25,Smoothie,Beverages,3.63,4,14.52,Others,Male,Night,2023-03
2023-03-25,Juice,Beverages,4.07,3,12.2,Cash,Female,Afternoon,2023-03
2023-03-25,Sandwich,Fast-food,7.34,2,14.69,Cash,Female,Midnight,2023-03
2023-03-26,Smoothie,Beverages,4.25,3,12.74,Online,Female,Afternoon,2023-03
2023-03-26,Tacos,Fast-food,14.04,3,42.13,Cash,Female,Night,2023-03
2023-03-26,Soda,Beverages,6.64,2,13.29,Cash,Male,Morning,2023-03
2023-03-26,Juice,Beverages,5.68,2,11.37,Online,Female,Afternoon,2023-03
2023-03-26,Burger,Fast-food,5.32,4,21.29,Others,Female,Evening,2023-03
2023-03-26,Burger,Fast-food,14.44,1,14.44,Online,Male,Afternoon,2023-03
2023-03-26,Sandwich,Fast-food,12.61,1,12.61,Cash,Male,Night,2023-03
2023-03-26,Hotdog,Fast-food,12.23,1,12.23,Online,Female,Afternoon,2023-03
2023-03-26,Hotdog,Fast-food,14.05,2,28.11,Others,Female,Morning,2023-03
2023-03-26,Fries,Fast-food,6.93,3,20.79,Others,Female,Night,2023-03
2023-03-27,Tea,Beverages,8.0,4,32.0,Online,Male,Midnight,2023-03
2023-03-27,Juice,Beverages,3.61,4,14.42,Cash,Female,Afternoon,2023-03
2023-03-27,Fries,Fast-food,6.76,2,13.52,Online,Male,Night,2023-03
2023-03-27,Pizza,Fast-food,6.4,3,19.2,Online,Male,Morning,2023-03
2023-03-27,Tea,Beverages,6.64,4,26.56,Others,Female,Morning,2023-03
2023-03-27,Milkshake,Beverages,6.58,2,13.16,Others,Female,Afternoon,2023-03
2023-03-27,Soda,Beverages,2.5,4,10.01,Online,Female,Night,2023-03
2023-03-27,Coffee,Beverages,3.82,3,11.47,Online,Male,Afternoon,2023-03
2023-03-27,Juice,Beverages,7.66,2,15.33,Cash,Male,Morning,2023-03
2023-03-27,Sandwich,Fast-food,13.28,1,13.28,Others,Female,Morning,2023-03
2023-03-27,Tea,Beverages,3.93,3,11.8,Cash,Female,Evening,2023-03
2023-03-27,Smoothie,Beverages,2.13,2,4.26,Others,Male,Afternoon,2023-03
2023-03-28,Tacos,Fast-food,6.46,3,19.39,Cash,Male,Morning,2023-03
2023-03-28,Sandwich,Fast-food,14.32,3,42.95,Cash,Male,Morning,2023-03
2023-03-28,Juice,Beverages,5.86,1,5.86,Others,Male,Night,2023-03
2023-03-28,Sandwich,Fast-food,10.01,2,20.02,Cash,Male,Evening,2023-03
2023-03-28,Fries,Fast-food,10.81,2,21.62,Cash,Female,Morning,2023-03
2023-03-28,Tea,Beverages,3.16,2,6.32,Cash,Male,Midnight,2023-03
2023-03-28,Milkshake,Beverages,2.53,4,10.12,Others,Female,Midnight,2023-03
2023-03-28,Soda,Beverages,5.12,2,10.23,Cash,Male,Evening,2023-03
2023-03-28,Coffee,Beverages,2.68,1,2.68,Cash,Female,Morning,2023-03
2023-03-28,Pizza,Fast-food,12.68,3,38.05,Cash,Female,Afternoon,2023-03
2023-03-28,Soda,Beverages,3.69,3,11.08,Online,Male,Midnight,2023-03
2023-03-29,Coffee,Beverages,5.38,4,21.51,Cash,Male,Afternoon,2023-03
2023-03-29,Juice,Beverages,2.75,1,2.75,Cash,Female,Evening,2023-03
2023-03-29,Pizza,Fast-food,14.07,2,28.14,Cash,Female,Evening,2023-03
2023-03-29,Coffee,Beverages,3.47,2,6.95,Cash,Male,Afternoon,2023-03
2023-03-29,Tea,Beverages,4.82,1,4.82,Cash,Male,Morning,2023-03
2023-03-29,Coffee,Beverages,2.07,4,8.3,Cash,Male,Afternoon,2023-03
2023-03-29,Smoothie,Beverages,2.12,1,2.12,Cash,Female,Morning,2023-03
2023-03-29,Fries,Fast-food,5.99,2,11.97,Online,Female,Midnight,2023-03
2023-03-30,Tea,Beverages,7.48,2,14.96,Online,Female,Midnight,2023-03
2023-03-30,Coffee,Beverages,2.9,4,11.58,Cash,Male,Midnight,2023-03
2023-03-30,Juice,Beverages,6.48,3,19.43,Online,Female,Afternoon,2023-03
2023-03-30,Juice,Beverages,4.26,3,12.78,Others,Female,Evening,2023-03
2023-03-30,Pizza,Fast-food,5.63,3,16.9,Others,Male,Morning,2023-03
2023-03-30,Tea,Beverages,4.41,3,13.24,Others,Female,Morning,2023-03
2023-03-30,Smoothie,Beverages,3.12,2,6.24,Online,Female,Night,2023-03
2023-03-30,Sandwich,Fast-food,13.73,2,27.47,Cash,Female,Morning,2023-03
2023-03-30,Tea,Beverages,2.55,1,2.55,Cash,Male,Afternoon,2023-03
2023-03-30,Milkshake,Beverages,2.41,3,7.24,Cash,Female,Midnight,2023-03
2023-03-31,Coffee,Beverages,6.26,2,12.51,Others,Female,Evening,2023-03
2023-03-31,Hotdog,Fast-food,13.96,1,13.96,Online,Male,Morning,2023-03
2023-03-31,Tea,Beverages,6.71,1,6.71,Online,Male,Morning,2023-03
2023-03-31,Burger,Fast-food,5.64,4,22.57,Others,Male,Morning,2023-03
2023-03-31,Hotdog,Fast-food,7.39,1,7.39,Cash,Female,Night,2023-03
2023-03-31,Coffee,Beverages,3.6,1,3.6,Cash,Male,Evening,2023-03
2023-03-31,Milkshake,Beverages,5.6,4,22.38,Online,Female,Evening,2023-03
2023-04-01,Tacos,Fast-food,8.43,3,25.3,Cash,Female,Midnight,2023-04
2023-04-01,Smoothie,Beverages,4.32,3,12.95,Cash,Male,Midnight,2023-04
2023-04-01,Juice,Beverages,5.88,1,5.88,Online,Male,Evening,2023-04
2023-04-01,Juice,Beverages,7.89,4,31.54,Others,Female,Morning,2023-04
2023-04-01,Pizza,Fast-food,10.14,1,10.14,Online,Male,Midnight,2023-04
2023-04-01,Sandwich,Fast-food,8.0,3,23.99,Cash,Male,Afternoon,2023-04
2023-04-01,Pizza,Fast-food,9.02,4,36.08,Cash,Female,Night,2023-04
2023-04-01,Burger,Fast-food,5.08,4,20.33,Cash,Female,Night,2023-04
2023-04-02,Milkshake,Beverages,2.82,1,2.82,Cash,Female,Morning,2023-04
2023-04-02,Smoothie,Beverages,2.62,1,2.62,Online,Male,Midnight,2023-04
2023-04-02,Burger,Fast-food,12.99,2,25.99,Others,Male,Night,2023-04
2023-04-02,Burger,Fast-food,13.71,4,54.86,Cash,Male,Afternoon,2023-04
2023-04-02,Tea,Beverages,7.79,3,23.38,Online,Female,Midnight,2023-04
2023-04-02,Hotdog,Fast-food,11.1,2,22.19,Cash,Female,Night,2023-04
2023-04-02,Fries,Fast-food,8.16,3,24.48,Cash,Female,Afternoon,2023-04
2023-04-02,Sandwich,Fast-food,10.05,4,40.18,Cash,Female,Afternoon,2023-04
2023-04-02,Pizza,Fast-food,8.93,3,26.8,Online,Male,Midnight,2023-04
2023-04-02,Milkshake,Beverages,6.68,4,26.72,Online,Male,Morning,2023-04
2023-04-02,Juice,Beverages,4.18,4,16.71,Cash,Female,Afternoon,2023-04
2023-04-02,Tea,Beverages,6.42,1,6.42,Online,Male,Midnight,2023-04
2023-04-02,Pizza,Fast-food,6.6,2,13.2,Online,Female,Afternoon,2023-04
2023-04-03,Tacos,Fast-food,12.58,1,12.58,Cash,Male,Evening,2023-04
2023-04-03,Burger,Fast-food,9.23,3,27.69,Online,Female,Night,2023-04
2023-04-03,Sandwich,Fast-food,7.52,4,30.08,Online,Female,Night,2023-04
2023-04-03,Fries,Fast-food,10.74,1,10.74,Cash,Female,Afternoon,2023-04
2023-04-03,Juice,Beverages,4.77,2,9.54,Cash,Male,Afternoon,2023-04
2023-04-03,Fries,Fast-food,13.19,1,13.19,Cash,Male,Morning,2023-04
2023-04-03,Soda,Beverages,3.98,2,7.96,Online,Female,Midnight,2023-04
2023-04-03,Sandwich,Fast-food,5.57,1,5.57,Others,Male,Afternoon,2023-04
2023-04-03,Tacos,Fast-food,5.09,4,20.38,Cash,Male,Morning,2023-04
2023-04-03,Fries,Fast-food,6.17,2,12.33,Others,Male,Evening,2023-04
2023-04-03,Burger,Fast-food,10.88,4,43.5,Cash,Male,Night,2023-04
2023-04-03,Fries,Fast-food,11.93,1,11.93,Online,Male,Night,2023-04
2023-04-03,Hotdog,Fast-food,7.86,1,7.86,Others,Female,Morning,2023-04
2023-04-03,Hotdog,Fast-food,9.68,3,29.04,Online,Male,Evening,2023-04
2023-04-04,Milkshake,Beverages,4.26,4,17.03,Online,Female,Evening,2023-04
2023-04-04,Fries,Fast-food,13.06,3,39.18,Cash,Male,Evening,2023-04
2023-04-04,Tacos,Fast-food,7.83,3,23.5,Online,Male,Midnight,2023-04
2023-04-04,Juice,Beverages,5.54,3,16.61,Online,Female,Evening,2023-04
2023-04-04,Sandwich,Fast-food,11.8,4,47.21,Others,Female,Midnight,2023-04
2023-04-04,Burger,Fast-food,8.01,4,32.06,Cash,Male,Afternoon,2023-04
2023-04-04,Pizza,Fast-food,14.87,1,14.87,Cash,Male,Midnight,2023-04
2023-04-04,Juice,Beverages,4.27,1,4.27,Online,Male,Midnight,2023-04
2023-04-04,Hotdog,Fast-food,8.83,1,8.83,Others,Female,Night,2023-04
2023-04-04,Tacos,Fast-food,13.4,3,40.2,Cash,Female,Evening,2023-04
2023-04-04,Soda,Beverages,2.46,2,4.92,Cash,Female,Midnight,2023-04
2023-04-04,Soda,Beverages,7.07,4,28.28,Cash,Female,Evening,2023-04
2023-04-04,Pizza,Fast-food,12.71,3,38.12,Online,Male,Afternoon,2023-04
2023-04-04,Tea,Beverages,6.52,1,6.52,Cash,Female,Midnight,2023-04
2023-04-05,Burger,Fast-food,5.25,3,15.75,Others,Female,Midnight,2023-04
2023-04-05,Pizza,Fast-food,5.65,2,11.29,Others,Male,Afternoon,2023-04
2023-04-05,Coffee,Beverages,3.46,4,13.84,Cash,Female,Morning,2023-04
2023-04-05,Soda,Beverages,6.08,2,12.15,Cash,Female,Midnight,2023-04
2023-04-05,Sandwich,Fast-food,14.64,4,58.55,Others,Male,Night,2023-04
2023-04-05,Soda,Beverages,5.78,4,23.13,Online,Female,Evening,2023-04
2023-04-05,Soda,Beverages,2.75,2,5.51,Others,Male,Afternoon,2023-04
2023-04-05,Soda,Beverages,4.53,1,4.53,Others,Female,Midnight,2023-04
2023-04-05,Smoothie,Beverages,3.22,1,3.22,Others,Male,Midnight,2023-04
2023-04-05,Fries,Fast-food,9.11,4,36.44,Online,Female,Evening,2023-04
2023-04-05,Fries,Fast-food,13.93,2,27.87,Others,Female,Night,2023-04
2023-04-05,Sandwich,Fast-food,11.83,1,11.83,Others,Female,Morning,2023-04
2023-04-06,Sandwich,Fast-food,13.94,3,41.83,Online,Female,Midnight,2023-04
2023-04-06,Pizza,Fast-food,6.59,2,13.19,Others,Female,Night,2023-04
2023-04-06,Sandwich,Fast-food,10.09,1,10.09,Cash,Female,Evening,2023-04
2023-04-06,Pizza,Fast-food,13.89,3,41.67,Others,Female,Night,2023-04
2023-04-06,Coffee,Beverages,2.51,2,5.02,Online,Male,Evening,2023-04
2023-04-06,Sandwich,Fast-food,5.51,1,5.51,Cash,Female,Night,2023-04
2023-04-06,Juice,Beverages,6.7,2,13.4,Others,Male,Midnight,2023-04
2023-04-06,Pizza,Fast-food,11.4,4,45.62,Cash,Male,Evening,2023-04
2023-04-06,Hotdog,Fast-food,7.6,2,15.2,Cash,Male,Morning,2023-04
2023-04-06,Hotdog,Fast-food,7.36,3,22.09,Online,Male,Night,2023-04
2023-04-06,Burger,Fast-food,12.5,2,25.0,Online,Female,Midnight,2023-04
2023-04-07,Pizza,Fast-food,6.79,1,6.79,Cash,Male,Morning,2023-04
2023-04-07,Tea,Beverages,6.62,3,19.85,Others,Female,Evening,2023-04
2023-04-07,Milkshake,Beverages,2.83,3,8.48,Online,Male,Afternoon,2023-04
2023-04-07,Hotdog,Fast-food,12.57,4,50.27,Cash,Male,Midnight,2023-04
2023-04-07,Hotdog,Fast-food,13.16,2,26.31,Others,Male,Midnight,2023-04
2023-04-07,Smoothie,Beverages,4.97,3,14.91,Cash,Female,Midnight,2023-04
2023-04-07,Tea,Beverages,6.97,4,27.88,Online,Male,Evening,2023-04
2023-04-07,Milkshake,Beverages,3.37,2,6.74,Cash,Male,Midnight,2023-04
2023-04-07,Milkshake,Beverages,4.46,1,4.46,Online,Female,Morning,2023-04
2023-04-07,Soda,Beverages,3.27,1,3.27,Others,Female,Night,2023-04
2023-04-07,Milkshake,Beverages,3.8,3,11.39,Online,Female,Night,2023-04
2023-04-07,Hotdog,Fast-food,6.63,4,26.54,Cash,Male,Afternoon,2023-04
2023-04-07,Juice,Beverages,5.55,2,11.1,Cash,Male,Midnight,2023-04
2023-04-08,Milkshake,Beverages,7.33,1,7.33,Online,Male,Afternoon,2023-04
2023-04-08,Smoothie,Beverages,3.18,1,3.18,Online,Female,Morning,2023-04
2023-04-08,Burger,Fast-food,6.71,3,20.13,Others,Male,Night,2023-04
2023-04-08,Juice,Beverages,4.45,1,4.45,Online,Female,Morning,2023-04
2023-04-08,Hotdog,Fast-food,14.33,3,42.98,Others,Female,Midnight,2023-04
2023-04-08,Tacos,Fast-food,7.38,1,7.38,Online,Male,Midnight,2023-04
2023-04-08,Soda,Beverages,4.1,2,8.2,Cash,Male,Morning,2023-04
2023-04-08,Coffee,Beverages,5.04,3,15.12,Others,Female,Afternoon,2023-04
2023-04-08,Soda,Beverages,7.38,3,22.15,Online,Male,Afternoon,2023-04
2023-04-08,Pizza,Fast-food,11.09,2,22.17,Cash,Female,Morning,2023-04
2023-04-08,Soda,Beverages,5.22,1,5.22,Online,Female,Afternoon,2023-04
2023-04-08,Soda,Beverages,3.09,4,12.35,Cash,Male,Evening,2023-04
2023-04-09,Hotdog,Fast-food,6.05,4,24.21,Cash,Male,Evening,2023-04
2023-04-09,Coffee,Beverages,3.72,2,7.43,Cash,Male,Morning,2023-04
2023-04-09,Tea,Beverages,2.64,3,7.91,Online,Male,Evening,2023-04
2023-04-09,Smoothie,Beverages,6.36,2,12.73,Cash,Female,Midnight,2023-04
2023-04-09,Milkshake,Beverages,4.49,4,17.97,Cash,Male,Midnight,2023-04
2023-04-09,Tacos,Fast-food,12.3,1,12.3,Cash,Female,Afternoon,2023-04
2023-04-09,Sandwich,Fast-food,9.78,2,19.55,Others,Male,Night,2023-04
2023-04-09,Juice,Beverages,6.1,1,6.1,Cash,Male,Afternoon,2023-04
2023-04-09,Burger,Fast-food,12.18,3,36.53,Online,Male,Afternoon,2023-04
2023-04-10,Fries,Fast-food,10.64,3,31.93,Online,Female,Evening,2023-04
2023-04-10,Smoothie,Beverages,4.85,4,19.4,Others,Female,Afternoon,2023-04
2023-04-10,Tacos,Fast-food,5.75,1,5.75,Others,Female,Afternoon,2023-04
2023-04-10,Soda,Beverages,5.1,1,5.1,Cash,Female,Evening,2023-04
2023-04-10,Tacos,Fast-food,12.45,3,37.35,Cash,Female,Morning,2023-04
2023-04-11,Smoothie,Beverages,5.34,4,21.38,Online,Female,Evening,2023-04
2023-04-11,Smoothie,Beverages,6.59,2,13.18,Online,Male,Evening,2023-04
2023-04-11,Burger,Fast-food,6.25,1,6.25,Cash,Male,Evening,2023-04
2023-04-11,Tea,Beverages,5.21,4,20.84,Cash,Female,Evening,2023-04
2023-04-11,Tacos,Fast-food,12.37,2,24.73,Others,Female,Evening,2023-04
2023-04-11,Tacos,Fast-food,14.88,4,59.54,Online,Female,Afternoon,2023-04
2023-04-11,Smoothie,Beverages,5.71,1,5.71,Others,Female,Night,2023-04
2023-04-11,Coffee,Beverages,5.71,4,22.83,Others,Female,Evening,2023-04
2023-04-11,Soda,Beverages,3.08,2,6.16,Others,Male,Evening,2023-04
2023-04-12,Juice,Beverages,3.17,4,12.69,Others,Female,Night,2023-04
2023-04-12,Sandwich,Fast-food,11.33,2,22.66,Others,Female,Evening,2023-04
2023-04-12,Smoothie,Beverages,3.17,3,9.51,Others,Female,Afternoon,2023-04
2023-04-12,Tea,Beverages,3.01,1,3.01,Cash,Female,Afternoon,2023-04
2023-04-12,Milkshake,Beverages,3.28,1,3.28,Online,Female,Night,2023-04
2023-04-12,Juice,Beverages,7.26,2,14.51,Others,Male,Evening,2023-04
2023-04-12,Smoothie,Beverages,5.21,2,10.42,Online,Male,Evening,2023-04
2023-04-12,Fries,Fast-food,11.28,1,11.28,Online,Male,Night,2023-04
2023-04-12,Tea,Beverages,4.03,2,8.07,Others,Male,Night,2023-04
2023-04-12,Fries,Fast-food,5.03,2,10.06,Others,Female,Midnight,2023-04
2023-04-12,Sandwich,Fast-food,14.84,4,59.36,Online,Female,Afternoon,2023-04
2023-04-12,Coffee,Beverages,7.93,2,15.86,Cash,Female,Afternoon,2023-04
2023-04-12,Coffee,Beverages,5.7,3,17.11,Others,Male,Afternoon,2023-04
2023-04-12,Coffee,Beverages,4.04,3,12.12,Cash,Male,Afternoon,2023-04
2023-04-13,Fries,Fast-food,5.42,4,21.68,Others,Male,Afternoon,2023-04
2023-04-13,Smoothie,Beverages,7.45,3,22.35,Online,Female,Midnight,2023-04
2023-04-13,Sandwich,Fast-food,11.98,1,11.98,Online,Female,Midnight,2023-04
2023-04-13,Juice,Beverages,4.19,3,12.56,Online,Male,Night,2023-04
2023-04-13,Milkshake,Beverages,6.65,3,19.95,Others,Female,Morning,2023-04
2023-04-13,Soda,Beverages,2.62,2,5.23,Cash,Male,Morning,2023-04
2023-04-13,Smoothie,Beverages,5.8,4,23.21,Cash,Male,Morning,2023-04
2023-04-13,Tacos,Fast-food,9.23,2,18.47,Others,Male,Morning,2023-04
2023-04-13,Fries,Fast-food,11.71,3,35.14,Others,Male,Midnight,2023-04
2023-04-13,Burger,Fast-food,5.92,2,11.83,Cash,Female,Evening,2023-04
2023-04-14,Hotdog,Fast-food,6.4,1,6.4,Cash,Male,Evening,2023-04
2023-04-14,Soda,Beverages,4.15,2,8.3,Cash,Male,Midnight,2023-04
2023-04-14,Smoothie,Beverages,4.09,3,12.26,Cash,Male,Evening,2023-04
2023-04-14,Milkshake,Beverages,6.36,3,19.07,Cash,Male,Afternoon,2023-04
2023-04-14,Milkshake,Beverages,6.75,2,13.49,Online,Male,Evening,2023-04
2023-04-15,Soda,Beverages,6.47,3,19.4,Online,Female,Afternoon,2023-04
2023-04-15,Juice,Beverages,4.44,2,8.89,Cash,Female,Afternoon,2023-04
2023-04-15,Sandwich,Fast-food,11.78,4,47.12,Cash,Male,Evening,2023-04
2023-04-15,Pizza,Fast-food,6.73,2,13.47,Online,Male,Night,2023-04
2023-04-15,Hotdog,Fast-food,14.02,4,56.1,Online,Female,Night,2023-04
2023-04-15,Tea,Beverages,6.74,1,6.74,Online,Male,Night,2023-04
2023-04-15,Smoothie,Beverages,3.94,4,15.75,Cash,Male,Afternoon,2023-04
2023-04-15,Tacos,Fast-food,13.86,1,13.86,Others,Male,Evening,2023-04
2023-04-15,Tea,Beverages,2.7,3,8.09,Others,Female,Evening,2023-04
2023-04-15,Hotdog,Fast-food,14.78,1,14.78,Online,Male,Evening,2023-04
2023-04-16,Coffee,Beverages,6.41,1,6.41,Others,Female,Evening,2023-04
2023-04-16,Coffee,Beverages,3.0,2,6.01,Cash,Female,Night,2023-04
2023-04-16,Hotdog,Fast-food,6.8,4,27.2,Online,Female,Night,2023-04
2023-04-16,Fries,Fast-food,13.73,1,13.73,Cash,Male,Morning,2023-04
2023-04-16,Fries,Fast-food,11.84,1,11.84,Online,Female,Midnight,2023-04
2023-04-16,Smoothie,Beverages,5.62,4,22.46,Others,Female,Evening,2023-04
2023-04-16,Tacos,Fast-food,6.07,4,24.28,Online,Female,Afternoon,2023-04
2023-04-16,Tea,Beverages,2.18,3,6.53,Others,Female,Morning,2023-04
2023-04-16,Juice,Beverages,4.09,4,16.37,Others,Female,Evening,2023-04
2023-04-16,Smoothie,Beverages,6.56,4,26.23,Online,Female,Midnight,2023-04
2023-04-16,Hotdog,Fast-food,7.36,2,14.71,Online,Female,Morning,2023-04
2023-04-17,Fries,Fast-food,8.23,2,16.46,Online,Female,Night,2023-04
2023-04-17,Smoothie,Beverages,5.01,1,5.01,Cash,Male,Evening,2023-04
2023-04-17,Tacos,Fast-food,8.59,1,8.59,Others,Female,Evening,2023-04
2023-04-17,Burger,Fast-food,13.07,4,52.27,Online,Female,Evening,2023-04
2023-04-17,Pizza,Fast-food,10.26,4,41.03,Cash,Male,Night,2023-04
2023-04-17,Pizza,Fast-food,14.53,3,43.59,Online,Male,Afternoon,2023-04
2023-04-17,Burger,Fast-food,8.64,4,34.54,Online,Female,Midnight,2023-04
2023-04-17,Burger,Fast-food,5.71,3,17.13,Others,Male,Afternoon,2023-04
2023-04-17,Sandwich,Fast-food,6.97,4,27.89,Cash,Female,Midnight,2023-04
2023-04-17,Tea,Beverages,5.29,1,5.29,Others,Female,Morning,2023-04
2023-04-17,Pizza,Fast-food,9.36,4,37.46,Online,Male,Afternoon,2023-04
2023-04-18,Burger,Fast-food,10.29,1,10.29,Cash,Male,Afternoon,2023-04
2023-04-18,Juice,Beverages,3.34,2,6.68,Cash,Male,Evening,2023-04
2023-04-18,Tacos,Fast-food,8.91,4,35.63,Others,Female,Morning,2023-04
2023-04-18,Smoothie,Beverages,6.08,3,18.24,Others,Male,Midnight,2023-04
2023-04-18,Fries,Fast-food,9.33,4,37.32,Cash,Female,Midnight,2023-04
2023-04-18,Coffee,Beverages,6.11,3,18.32,Online,Female,Afternoon,2023-04
2023-04-18,Coffee,Beverages,4.43,1,4.43,Online,Male,Evening,2023-04
2023-04-18,Tea,Beverages,6.46,1,6.46,Others,Female,Evening,2023-04
2023-04-18,Soda,Beverages,6.41,3,19.24,Online,Male,Morning,2023-04
2023-04-18,Burger,Fast-food,14.11,4,56.42,Others,Female,Afternoon,2023-04
2023-04-18,Sandwich,Fast-food,13.66,1,13.66,Cash,Male,Evening,2023-04
2023-04-18,Fries,Fast-food,12.04,4,48.18,Online,Male,Night,2023-04
2023-04-18,Milkshake,Beverages,2.12,1,2.12,Others,Male,Evening,2023-04
2023-04-19,Fries,Fast-food,5.54,3,16.61,Online,Female,Night,2023-04
2023-04-19,Fries,Fast-food,14.75,4,58.99,Cash,Female,Evening,2023-04
2023-04-19,Fries,Fast-food,13.41,3,40.24,Others,Female,Midnight,2023-04
2023-04-19,Milkshake,Beverages,5.44,4,21.75,Others,Male,Afternoon,2023-04
2023-04-19,Burger,Fast-food,7.84,4,31.35,Cash,Female,Afternoon,2023-04
2023-04-20,Smoothie,Beverages,3.75,1,3.75,Cash,Male,Morning,2023-04
2023-04-20,Pizza,Fast-food,8.4,3,25.21,Online,Male,Evening,2023-04
2023-04-20,Hotdog,Fast-food,8.64,4,34.55,Online,Male,Afternoon,2023-04
2023-04-20,Juice,Beverages,6.85,3,20.56,Others,Female,Afternoon,2023-04
2023-04-20,Burger,Fast-food,7.5,1,7.5,Online,Male,Afternoon,2023-04
2023-04-20,Smoothie,Beverages,3.75,1,3.75,Cash,Female,Afternoon,2023-04
2023-04-21,Soda,Beverages,3.98,3,11.95,Cash,Male,Night,2023-04
2023-04-21,Hotdog,Fast-food,7.6,4,30.39,Cash,Female,Evening,2023-04
2023-04-21,Hotdog,Fast-food,12.82,1,12.82,Others,Female,Morning,2023-04
2023-04-21,Sandwich,Fast-food,11.98,1,11.98,Others,Male,Night,2023-04
2023-04-21,Smoothie,Beverages,4.36,2,8.72,Others,Female,Midnight,2023-04
2023-04-21,Tacos,Fast-food,10.38,3,31.13,Online,Male,Midnight,2023-04
2023-04-21,Pizza,Fast-food,10.47,4,41.86,Cash,Female,Night,2023-04
2023-04-21,Soda,Beverages,2.39,1,2.39,Others,Female,Morning,2023-04
2023-04-21,Tacos,Fast-food,13.8,4,55.21,Others,Female,Midnight,2023-04
2023-04-22,Smoothie,Beverages,2.35,3,7.04,Cash,Male,Afternoon,2023-04
2023-04-22,Smoothie,Beverages,3.61,2,7.21,Online,Female,Morning,2023-04
2023-04-22,Juice,Beverages,3.26,3,9.77,Cash,Female,Evening,2023-04
2023-04-22,Fries,Fast-food,8.64,2,17.28,Others,Female,Morning,2023-04
2023-04-22,Smoothie,Beverages,7.85,4,31.41,Others,Male,Night,2023-04
2023-04-22,Fries,Fast-food,14.58,4,58.32,Others,Female,Night,2023-04
2023-04-22,Tea,Beverages,6.48,3,19.45,Cash,Female,Evening,2023-04
2023-04-22,Sandwich,Fast-food,10.1,1,10.1,Online,Male,Night,2023-04
2023-04-22,Coffee,Beverages,7.42,1,7.42,Others,Female,Morning,2023-04
2023-04-22,Tacos,Fast-food,8.96,3,26.89,Cash,Male,Morning,2023-04
2023-04-22,Fries,Fast-food,8.45,1,8.45,Cash,Male,Evening,2023-04
2023-04-22,Milkshake,Beverages,3.5,4,14.0,Cash,Female,Midnight,2023-04
2023-04-22,Sandwich,Fast-food,13.77,3,41.32,Cash,Female,Midnight,2023-04
2023-04-22,Milkshake,Beverages,2.73,3,8.2,Others,Male,Afternoon,2023-04
2023-04-23,Juice,Beverages,5.16,2,10.32,Others,Female,Afternoon,2023-04
2023-04-23,Burger,Fast-food,7.4,2,14.8,Others,Female,Afternoon,2023-04
2023-04-23,Soda,Beverages,5.92,2,11.83,Cash,Male,Afternoon,2023-04
2023-04-23,Smoothie,Beverages,5.57,3,16.7,Cash,Male,Midnight,2023-04
2023-04-23,Milkshake,Beverages,7.49,3,22.46,Others,Male,Morning,2023-04
2023-04-23,Smoothie,Beverages,7.26,3,21.77,Online,Male,Night,2023-04
2023-04-23,Juice,Beverages,4.43,4,17.73,Others,Female,Evening,2023-04
2023-04-23,Tea,Beverages,2.67,3,8.01,Cash,Female,Evening,2023-04
2023-04-23,Tea,Beverages,2.79,2,5.58,Online,Female,Midnight,2023-04
2023-04-23,Juice,Beverages,3.31,1,3.31,Cash,Male,Night,2023-04
2023-04-23,Coffee,Beverages,4.55,2,9.11,Cash,Male,Night,2023-04
2023-04-23,Burger,Fast-food,10.28,4,41.14,Others,Male,Morning,2023-04
2023-04-23,Tacos,Fast-food,9.01,2,18.03,Cash,Female,Evening,2023-04
2023-04-24,Soda,Beverages,6.78,4,27.1,Cash,Female,Afternoon,2023-04
2023-04-24,Juice,Beverages,2.29,4,9.16,Others,Male,Afternoon,2023-04
2023-04-24,Juice,Beverages,4.23,3,12.68,Others,Male,Morning,2023-04
2023-04-24,Smoothie,Beverages,4.44,4,17.76,Online,Female,Morning,2023-04
2023-04-24,Tacos,Fast-food,6.46,2,12.92,Cash,Male,Morning,2023-04
2023-04-24,Coffee,Beverages,7.38,1,7.38,Online,Female,Evening,2023-04
2023-04-24,Hotdog,Fast-food,11.74,2,23.49,Online,Male,Evening,2023-04
2023-04-24,Milkshake,Beverages,3.69,4,14.78,Online,Female,Afternoon,2023-04
2023-04-24,Hotdog,Fast-food,12.7,3,38.1,Online,Male,Night,2023-04
2023-04-24,Soda,Beverages,5.01,3,15.02,Others,Male,Morning,2023-04
2023-04-24,Tea,Beverages,4.99,3,14.96,Cash,Male,Evening,2023-04
2023-04-25,Coffee,Beverages,5.18,1,5.18,Cash,Female,Morning,2023-04
2023-04-25,Pizza,Fast-food,11.51,3,34.54,Cash,Male,Midnight,2023-04
2023-04-25,Sandwich,Fast-food,8.14,4,32.56,Cash,Female,Midnight,2023-04
2023-04-25,Hotdog,Fast-food,9.89,3,29.68,Others,Female,Night,2023-04
2023-04-25,Smoothie,Beverages,6.69,2,13.38,Cash,Male,Night,2023-04
2023-04-25,Soda,Beverages,6.27,4,25.09,Online,Male,Evening,2023-04
2023-04-25,Sandwich,Fast-food,12.04,4,48.18,Cash,Male,Midnight,2023-04
2023-04-25,Fries,Fast-food,12.33,1,12.33,Others,Male,Midnight,2023-04
2023-04-25,Hotdog,Fast-food,12.0,3,35.99,Others,Male,Night,2023-04
2023-04-25,Milkshake,Beverages,7.0,3,20.99,Others,Female,Afternoon,2023-04
2023-04-25,Milkshake,Beverages,4.64,2,9.28,Cash,Male,Morning,2023-04
2023-04-26,Soda,Beverages,7.68,1,7.68,Online,Male,Afternoon,2023-04
2023-04-26,Hotdog,Fast-food,9.05,1,9.05,Online,Male,Evening,2023-04
2023-04-26,Tacos,Fast-food,12.42,4,49.67,Others,Male,Afternoon,2023-04
2023-04-26,Fries,Fast-food,14.1,2,28.21,Cash,Male,Midnight,2023-04
2023-04-26,Sandwich,Fast-food,11.87,3,35.6,Online,Male,Midnight,2023-04
2023-04-26,Fries,Fast-food,12.54,1,12.54,Online,Male,Morning,2023-04
2023-04-26,Tea,Beverages,6.98,3,20.95,Cash,Male,Morning,2023-04
2023-04-26,Coffee,Beverages,7.94,1,7.94,Others,Female,Evening,2023-04
2023-04-26,Smoothie,Beverages,2.87,1,2.87,Others,Male,Evening,2023-04
2023-04-26,Tacos,Fast-food,12.8,3,38.39,Cash,Female,Morning,2023-04
2023-04-27,Burger,Fast-food,9.9,1,9.9,Online,Female,Night,2023-04
2023-04-27,Tacos,Fast-food,8.82,1,8.82,Cash,Male,Evening,2023-04
2023-04-27,Burger,Fast-food,10.23,3,30.69,Online,Male,Night,2023-04
2023-04-27,Pizza,Fast-food,11.73,2,23.47,Others,Female,Morning,2023-04
2023-04-27,Burger,Fast-food,9.95,2,19.9,Online,Female,Evening,2023-04
2023-04-27,Hotdog,Fast-food,10.4,2,20.79,Cash,Male,Night,2023-04
2023-04-27,Juice,Beverages,4.94,3,14.82,Others,Female,Midnight,2023-04
2023-04-28,Smoothie,Beverages,2.48,4,9.92,Cash,Female,Afternoon,2023-04
2023-04-28,Soda,Beverages,4.41,3,13.22,Cash,Female,Midnight,2023-04
2023-04-28,Tea,Beverages,7.32,3,21.97,Cash,Female,Evening,2023-04
2023-04-28,Tea,Beverages,2.44,2,4.88,Online,Male,Morning,2023-04
2023-04-28,Tacos,Fast-food,14.68,4,58.7,Cash,Male,Midnight,2023-04
2023-04-28,Coffee,Beverages,6.55,1,6.55,Cash,Male,Afternoon,2023-04
2023-04-28,Hotdog,Fast-food,7.01,2,14.03,Cash,Female,Night,2023-04
2023-04-28,Pizza,Fast-food,8.86,1,8.86,Others,Male,Afternoon,2023-04
2023-04-28,Pizza,Fast-food,10.0,2,19.99,Online,Male,Morning,2023-04
2023-04-28,Sandwich,Fast-food,6.7,2,13.4,Others,Female,Morning,2023-04
2023-04-28,Coffee,Beverages,3.46,2,6.92,Cash,Male,Morning,2023-04
2023-04-28,Tacos,Fast-food,12.26,2,24.51,Cash,Male,Morning,2023-04
2023-04-29,Hotdog,Fast-food,5.52,4,22.08,Online,Female,Midnight,2023-04
2023-04-29,Burger,Fast-food,9.35,2,18.7,Cash,Male,Midnight,2023-04
2023-04-29,Sandwich,Fast-food,13.17,2,26.35,Cash,Male,Evening,2023-04
2023-04-29,Juice,Beverages,2.55,3,7.65,Online,Female,Afternoon,2023-04
2023-04-29,Juice,Beverages,3.72,4,14.87,Cash,Male,Night,2023-04
2023-04-29,Tea,Beverages,2.94,2,5.88,Others,Male,Afternoon,2023-04
2023-04-29,Milkshake,Beverages,3.61,1,3.61,Others,Male,Afternoon,2023-04
2023-04-30,Hotdog,Fast-food,13.62,3,40.86,Others,Male,Night,2023-04
2023-04-30,Juice,Beverages,5.45,1,5.45,Online,Male,Night,2023-04
2023-04-30,Tacos,Fast-food,12.22,3,36.65,Others,Male,Evening,2023-04
2023-04-30,Hotdog,Fast-food,8.21,3,24.63,Others,Female,Midnight,2023-04
2023-04-30,Coffee,Beverages,3.59,4,14.35,Online,Male,Night,2023-04
2023-04-30,Tea,Beverages,6.81,4,27.22,Others,Male,Midnight,2023-04
2023-04-30,Milkshake,Beverages,6.11,1,6.11,Online,Female,Morning,2023-04
2023-04-30,Juice,Beverages,2.35,3,7.05,Cash,Male,Evening,2023-04
2023-05-01,Smoothie,Beverages,2.97,3,8.92,Online,Male,Afternoon,2023-05
2023-05-01,Coffee,Beverages,2.04,2,4.09,Cash,Female,Midnight,2023-05
2023-05-01,Fries,Fast-food,12.05,1,12.05,Online,Male,Morning,2023-05
2023-05-01,Juice,Beverages,4.61,4,18.45,Cash,Female,Evening,2023-05
2023-05-01,Juice,Beverages,5.74,3,17.21,Others,Female,Evening,2023-05
2023-05-01,Tea,Beverages,5.61,2,11.22,Online,Male,Evening,2023-05
2023-05-01,Burger,Fast-food,14.98,4,59.92,Online,Male,Night,2023-05
2023-05-01,Soda,Beverages,7.32,4,29.28,Online,Female,Afternoon,2023-05
2023-05-01,Milkshake,Beverages,5.16,2,10.32,Cash,Female,Midnight,2023-05
2023-05-01,Hotdog,Fast-food,7.62,3,22.86,Others,Female,Afternoon,2023-05
2023-05-02,Hotdog,Fast-food,14.89,4,59.54,Online,Male,Morning,2023-05
2023-05-02,Sandwich,Fast-food,6.0,4,24.01,Others,Female,Night,2023-05
2023-05-02,Coffee,Beverages,7.17,2,14.33,Cash,Male,Night,2023-05
2023-05-02,Hotdog,Fast-food,13.86,2,27.73,Online,Male,Midnight,2023-05
2023-05-02,Burger,Fast-food,14.17,4,56.7,Cash,Female,Night,2023-05
2023-05-02,Soda,Beverages,3.43,4,13.71,Others,Male,Night,2023-05
2023-05-02,Burger,Fast-food,9.87,4,39.46,Others,Female,Night,2023-05
2023-05-02,Milkshake,Beverages,6.62,1,6.62,Online,Male,Morning,2023-05
2023-05-02,Hotdog,Fast-food,12.33,3,36.98,Online,Male,Night,2023-05
2023-05-02,Fries,Fast-food,11.44,1,11.44,Cash,Female,Evening,2023-05
2023-05-02,Pizza,Fast-food,10.84,4,43.37,Online,Male,Night,2023-05
2023-05-02,Coffee,Beverages,3.96,4,15.83,Others,Female,Night,2023-05
2023-05-02,Burger,Fast-food,5.64,3,16.93,Online,Male,Night,2023-05
2023-05-02,Tacos,Fast-food,14.76,1,14.76,Others,Female,Evening,2023-05
2023-05-03,Burger,Fast-food,5.23,2,10.45,Online,Female,Afternoon,2023-05
2023-05-03,Coffee,Beverages,7.66,3,22.99,Others,Female,Morning,2023-05
2023-05-03,Coffee,Beverages,3.58,3,10.75,Others,Male,Morning,2023-05
2023-05-03,Hotdog,Fast-food,7.2,3,21.6,Online,Female,Night,2023-05
2023-05-03,Juice,Beverages,3.29,2,6.58,Online,Male,Afternoon,2023-05
2023-05-03,Coffee,Beverages,2.26,4,9.04,Online,Male,Night,2023-05
2023-05-03,Juice,Beverages,3.77,3,11.32,Others,Female,Morning,2023-05
2023-05-04,Coffee,Beverages,2.71,2,5.42,Others,Female,Night,2023-05
2023-05-04,Pizza,Fast-food,9.65,2,19.3,Online,Female,Evening,2023-05
2023-05-04,Tea,Beverages,5.91,1,5.91,Online,Female,Midnight,2023-05
2023-05-04,Tacos,Fast-food,6.14,2,12.28,Cash,Female,Night,2023-05
2023-05-04,Tacos,Fast-food,12.71,4,50.84,Online,Male,Midnight,2023-05
2023-05-04,Juice,Beverages,6.33,3,18.99,Online,Female,Midnight,2023-05
2023-05-04,Tea,Beverages,2.61,2,5.23,Others,Female,Midnight,2023-05
2023-05-04,Sandwich,Fast-food,8.64,1,8.64,Online,Female,Evening,2023-05
2023-05-04,Coffee,Beverages,2.39,4,9.57,Cash,Female,Afternoon,2023-05
2023-05-04,Fries,Fast-food,13.4,1,13.4,Online,Female,Morning,2023-05
2023-05-04,Fries,Fast-food,9.64,2,19.29,Cash,Female,Night,2023-05
2023-05-04,Pizza,Fast-food,9.0,3,27.0,Online,Male,Night,2023-05
2023-05-04,Sandwich,Fast-food,11.84,1,11.84,Online,Female,Afternoon,2023-05
2023-05-04,Milkshake,Beverages,5.79,2,11.58,Online,Female,Morning,2023-05
2023-05-05,Tacos,Fast-food,9.17,3,27.5,Cash,Male,Night,2023-05
2023-05-05,Smoothie,Beverages,2.41,3,7.22,Cash,Male,Evening,2023-05
2023-05-05,Smoothie,Beverages,3.66,4,14.65,Online,Male,Afternoon,2023-05
2023-05-05,Smoothie,Beverages,6.67,1,6.67,Others,Female,Afternoon,2023-05
2023-05-05,Pizza,Fast-food,10.47,4,41.89,Others,Female,Night,2023-05
2023-05-05,Tacos,Fast-food,12.32,4,49.27,Online,Male,Afternoon,2023-05
2023-05-05,Coffee,Beverages,6.6,2,13.2,Online,Female,Evening,2023-05
2023-05-06,Fries,Fast-food,12.45,4,49.8,Cash,Male,Midnight,2023-05
2023-05-06,Fries,Fast-food,6.0,3,17.99,Online,Female,Morning,2023-05
2023-05-06,Coffee,Beverages,3.95,3,11.85,Others,Male,Evening,2023-05
2023-05-06,Sandwich,Fast-food,8.78,2,17.57,Others,Male,Night,2023-05
2023-05-06,Soda,Beverages,4.44,2,8.88,Online,Female,Afternoon,2023-05
2023-05-06,Pizza,Fast-food,10.17,3,30.51,Cash,Female,Morning,2023-05
2023-05-06,Smoothie,Beverages,4.95,1,4.95,Cash,Female,Midnight,2023-05
2023-05-06,Milkshake,Beverages,3.02,4,12.07,Online,Female,Night,2023-05
2023-05-06,Pizza,Fast-food,11.07,3,33.21,Cash,Male,Afternoon,2023-05
2023-05-07,Fries,Fast-food,6.06,2,12.13,Cash,Male,Morning,2023-05
2023-05-07,Burger,Fast-food,12.71,4,50.84,Cash,Female,Night,2023-05
2023-05-07,Burger,Fast-food,14.21,3,42.62,Online,Male,Morning,2023-05
2023-05-07,Coffee,Beverages,3.1,4,12.41,Cash,Male,Night,2023-05
2023-05-07,Tacos,Fast-food,9.75,3,29.25,Cash,Female,Morning,2023-05
2023-05-07,Smoothie,Beverages,5.59,2,11.18,Others,Male,Afternoon,2023-05
2023-05-07,Burger,Fast-food,13.95,4,55.8,Online,Male,Morning,2023-05
2023-05-07,Juice,Beverages,3.53,1,3.53,Others,Female,Midnight,2023-05
2023-05-07,Smoothie,Beverages,6.42,4,25.7,Online,Female,Night,2023-05
2023-05-07,Hotdog,Fast-food,6.0,3,17.99,Cash,Male,Evening,2023-05
2023-05-07,Burger,Fast-food,8.27,4,33.09,Cash,Male,Afternoon,2023-05
2023-05-07,Fries,Fast-food,5.77,3,17.32,Online,Male,Afternoon,2023-05
2023-05-08,Pizza,Fast-food,12.39,3,37.17,Others,Female,Afternoon,2023-05
2023-05-08,Sandwich,Fast-food,9.34,3,28.03,Cash,Male,Evening,2023-05
2023-05-08,Coffee,Beverages,4.82,2,9.65,Online,Male,Afternoon,2023-05
2023-05-08,Tea,Beverages,3.87,3,11.62,Online,Male,Midnight,2023-05
2023-05-08,Pizza,Fast-food,10.6,2,21.21,Cash,Male,Midnight,2023-05
2023-05-08,Juice,Beverages,6.91,2,13.82,Cash,Male,Evening,2023-05
2023-05-09,Soda,Beverages,6.5,4,25.98,Others,Female,Night,2023-05
2023-05-09,Burger,Fast-food,11.54,2,23.07,Others,Male,Night,2023-05
2023-05-09,Juice,Beverages,4.55,2,9.1,Others,Male,Midnight,2023-05
2023-05-09,Juice,Beverages,7.87,1,7.87,Online,Male,Midnight,2023-05
2023-05-09,Smoothie,Beverages,7.08,4,28.32,Others,Male,Midnight,2023-05
2023-05-09,Smoothie,Beverages,6.1,1,6.1,Others,Male,Night,2023-05
2023-05-09,Tacos,Fast-food,7.32,2,14.65,Online,Female,Morning,2023-05
2023-05-09,Tacos,Fast-food,14.37,4,57.46,Others,Male,Night,2023-05
2023-05-09,Hotdog,Fast-food,11.05,3,33.16,Cash,Male,Evening,2023-05
2023-05-09,Soda,Beverages,3.67,1,3.67,Online,Female,Night,2023-05
2023-05-09,Milkshake,Beverages,5.9,4,23.62,Cash,Male,Evening,2023-05
2023-05-09,Milkshake,Beverages,4.78,4,19.1,Others,Male,Night,2023-05
2023-05-09,Milkshake,Beverages,4.81,1,4.81,Others,Male,Morning,2023-05
2023-05-10,Milkshake,Beverages,7.59,3,22.76,Others,Female,Afternoon,2023-05
2023-05-10,Juice,Beverages,6.42,3,19.27,Cash,Male,Morning,2023-05
2023-05-10,Fries,Fast-food,6.58,2,13.15,Online,Female,Night,2023-05
2023-05-10,Milkshake,Beverages,2.96,1,2.96,Others,Female,Evening,2023-05
2023-05-10,Fries,Fast-food,14.79,3,44.36,Others,Female,Afternoon,2023-05
2023-05-10,Tea,Beverages,7.53,1,7.53,Cash,Female,Night,2023-05
2023-05-10,Smoothie,Beverages,6.62,3,19.86,Cash,Female,Afternoon,2023-05
2023-05-10,Hotdog,Fast-food,8.86,3,26.57,Online,Male,Night,2023-05
2023-05-10,Tacos,Fast-food,12.75,4,51.01,Online,Female,Morning,2023-05
2023-05-10,Milkshake,Beverages,6.22,3,18.66,Online,Female,Midnight,2023-05
2023-05-10,Sandwich,Fast-food,11.03,1,11.03,Online,Male,Morning,2023-05
2023-05-11,Smoothie,Beverages,4.52,3,13.57,Cash,Female,Afternoon,2023-05
2023-05-11,Smoothie,Beverages,4.93,3,14.8,Others,Female,Morning,2023-05
2023-05-11,Milkshake,Beverages,2.38,1,2.38,Online,Male,Night,2023-05
2023-05-11,Coffee,Beverages,4.29,4,17.15,Online,Female,Midnight,2023-05
2023-05-11,Pizza,Fast-food,7.14,1,7.14,Others,Male,Afternoon,2023-05
2023-05-11,Burger,Fast-food,11.32,2,22.64,Others,Female,Midnight,2023-05
2023-05-12,Sandwich,Fast-food,10.94,3,32.81,Online,Male,Morning,2023-05
2023-05-12,Coffee,Beverages,3.18,3,9.54,Cash,Female,Night,2023-05
2023-05-12,Coffee,Beverages,6.66,4,26.66,Others,Male,Evening,2023-05
2023-05-12,Smoothie,Beverages,7.1,3,21.3,Others,Female,Afternoon,2023-05
2023-05-12,Burger,Fast-food,12.61,1,12.61,Online,Female,Afternoon,2023-05
2023-05-12,Burger,Fast-food,13.66,2,27.32,Others,Female,Night,2023-05
2023-05-13,Smoothie,Beverages,6.84,2,13.67,Cash,Male,Evening,2023-05
2023-05-13,Juice,Beverages,7.41,4,29.62,Others,Male,Night,2023-05
2023-05-13,Tea,Beverages,4.18,3,12.54,Cash,Female,Afternoon,2023-05
2023-05-13,Coffee,Beverages,7.9,2,15.81,Online,Male,Evening,2023-05
2023-05-13,Milkshake,Beverages,6.12,1,6.12,Online,Male,Midnight,2023-05
2023-05-13,Tacos,Fast-food,7.62,1,7.62,Others,Female,Midnight,2023-05
2023-05-13,Pizza,Fast-food,6.86,2,13.71,Online,Male,Morning,2023-05
2023-05-13,Pizza,Fast-food,10.56,1,10.56,Cash,Male,Morning,2023-05
2023-05-14,Hotdog,Fast-food,6.58,3,19.74,Cash,Female,Midnight,2023-05
2023-05-14,Tacos,Fast-food,6.08,2,12.16,Cash,Male,Morning,2023-05
2023-05-14,Pizza,Fast-food,11.13,3,33.4,Others,Male,Midnight,2023-05
2023-05-14,Smoothie,Beverages,2.24,1,2.24,Online,Male,Midnight,2023-05
2023-05-14,Soda,Beverages,6.2,1,6.2,Online,Female,Midnight,2023-05
2023-05-14,Tea,Beverages,3.1,4,12.4,Online,Female,Evening,2023-05
2023-05-14,Coffee,Beverages,7.46,4,29.84,Others,Male,Night,2023-05
2023-05-14,Burger,Fast-food,13.24,3,39.72,Cash,Male,Afternoon,2023-05
2023-05-15,Fries,Fast-food,7.57,3,22.71,Others,Male,Midnight,2023-05
2023-05-15,Sandwich,Fast-food,11.18,2,22.36,Online,Female,Midnight,2023-05
2023-05-15,Coffee,Beverages,4.63,4,18.52,Cash,Female,Night,2023-05
2023-05-15,Burger,Fast-food,5.8,4,23.19,Others,Male,Midnight,2023-05
2023-05-15,Smoothie,Beverages,6.1,4,24.38,Cash,Female,Morning,2023-05
2023-05-15,Tea,Beverages,4.22,2,8.43,Online,Male,Evening,2023-05
2023-05-15,Smoothie,Beverages,7.86,2,15.72,Others,Female,Afternoon,2023-05
2023-05-16,Soda,Beverages,5.6,3,16.81,Others,Male,Evening,2023-05
2023-05-16,Juice,Beverages,6.29,4,25.17,Online,Female,Afternoon,2023-05
2023-05-16,Pizza,Fast-food,7.54,2,15.08,Online,Male,Afternoon,2023-05
2023-05-16,Juice,Beverages,2.91,4,11.63,Cash,Male,Morning,2023-05
2023-05-16,Smoothie,Beverages,6.06,1,6.06,Cash,Female,Evening,2023-05
2023-05-16,Smoothie,Beverages,6.86,1,6.86,Cash,Female,Morning,2023-05
2023-05-16,Sandwich,Fast-food,11.91,1,11.91,Online,Male,Afternoon,2023-05
2023-05-16,Fries,Fast-food,9.1,1,9.1,Cash,Female,Afternoon,2023-05
2023-05-16,Sandwich,Fast-food,10.77,4,43.09,Online,Female,Night,2023-05
2023-05-16,Milkshake,Beverages,6.67,4,26.69,Online,Female,Midnight,2023-05
2023-05-16,Hotdog,Fast-food,5.9,4,23.59,Online,Female,Night,2023-05
2023-05-16,Tacos,Fast-food,7.07,3,21.22,Others,Male,Afternoon,2023-05
2023-05-17,Smoothie,Beverages,6.88,3,20.65,Online,Male,Afternoon,2023-05
2023-05-17,Pizza,Fast-food,9.5,1,9.5,Others,Male,Midnight,2023-05
2023-05-17,Tacos,Fast-food,14.77,4,59.07,Online,Female,Night,2023-05
2023-05-17,Coffee,Beverages,2.66,1,2.66,Cash,Female,Afternoon,2023-05
2023-05-17,Coffee,Beverages,4.12,4,16.5,Online,Female,Morning,2023-05
2023-05-17,Soda,Beverages,2.46,1,2.46,Online,Female,Night,2023-05
2023-05-17,Milkshake,Beverages,7.28,4,29.1,Cash,Male,Midnight,2023-05
2023-05-17,Smoothie,Beverages,2.88,4,11.54,Cash,Male,Evening,2023-05
2023-05-17,Fries,Fast-food,14.04,2,28.08,Cash,Female,Morning,2023-05
2023-05-17,Burger,Fast-food,11.3,4,45.21,Cash,Female,Morning,2023-05
2023-05-17,Burger,Fast-food,7.29,3,21.87,Cash,Female,Morning,2023-05
2023-05-17,Juice,Beverages,6.3,4,25.2,Online,Male,Night,2023-05
2023-05-17,Tacos,Fast-food,5.61,1,5.61,Others,Female,Night,2023-05
2023-05-17,Coffee,Beverages,2.81,4,11.24,Cash,Male,Afternoon,2023-05
2023-05-18,Pizza,Fast-food,6.67,4,26.68,Cash,Female,Midnight,2023-05
2023-05-18,Milkshake,Beverages,3.62,3,10.87,Others,Female,Night,2023-05
2023-05-18,Coffee,Beverages,7.77,2,15.54,Cash,Male,Evening,2023-05
2023-05-18,Fries,Fast-food,9.19,3,27.56,Cash,Female,Afternoon,2023-05
2023-05-18,Milkshake,Beverages,7.59,4,30.37,Cash,Female,Morning,2023-05
2023-05-18,Tacos,Fast-food,8.81,2,17.63,Online,Female,Midnight,2023-05
2023-05-18,Coffee,Beverages,6.08,4,24.32,Online,Male,Midnight,2023-05
2023-05-18,Burger,Fast-food,8.06,2,16.11,Online,Male,Evening,2023-05
2023-05-18,Pizza,Fast-food,7.7,2,15.4,Others,Female,Night,2023-05
2023-05-18,Sandwich,Fast-food,9.89,3,29.67,Cash,Female,Evening,2023-05
2023-05-18,Hotdog,Fast-food,6.46,1,6.46,Cash,Male,Morning,2023-05
2023-05-18,Burger,Fast-food,6.5,1,6.5,Others,Female,Morning,2023-05
2023-05-18,Fries,Fast-food,10.18,1,10.18,Cash,Male,Evening,2023-05
2023-05-19,Sandwich,Fast-food,6.31,4,25.23,Online,Male,Midnight,2023-05
2023-05-19,Tacos,Fast-food,11.16,1,11.16,Others,Female,Evening,2023-05
2023-05-19,Pizza,Fast-food,11.15,1,11.15,Cash,Female,Afternoon,2023-05
2023-05-19,Tacos,Fast-food,9.02,4,36.07,Others,Female,Evening,2023-05
2023-05-19,Coffee,Beverages,7.64,4,30.56,Others,Female,Evening,2023-05
2023-05-19,Pizza,Fast-food,9.04,4,36.15,Cash,Male,Night,2023-05
2023-05-19,Soda,Beverages,5.14,4,20.54,Online,Female,Afternoon,2023-05
2023-05-19,Pizza,Fast-food,12.18,1,12.18,Cash,Female,Evening,2023-05
2023-05-19,Tea,Beverages,5.94,1,5.94,Others,Female,Evening,2023-05
2023-05-19,Sandwich,Fast-food,7.01,2,14.01,Others,Female,Night,2023-05
2023-05-20,Milkshake,Beverages,4.86,3,14.59,Others,Male,Morning,2023-05
2023-05-20,Soda,Beverages,4.99,4,19.96,Cash,Male,Evening,2023-05
2023-05-20,Juice,Beverages,5.89,2,11.78,Online,Female,Night,2023-05
2023-05-20,Sandwich,Fast-food,13.42,2,26.83,Cash,Male,Evening,2023-05
2023-05-20,Sandwich,Fast-food,8.9,3,26.69,Cash,Male,Morning,2023-05
2023-05-20,Sandwich,Fast-food,12.52,2,25.03,Others,Male,Evening,2023-05
2023-05-20,Burger,Fast-food,14.44,2,28.88,Others,Female,Night,2023-05
2023-05-20,Milkshake,Beverages,5.4,3,16.2,Others,Female,Afternoon,2023-05
2023-05-20,Tacos,Fast-food,14.5,2,29.01,Online,Male,Morning,2023-05
2023-05-20,Coffee,Beverages,3.99,2,7.97,Others,Female,Morning,2023-05
2023-05-20,Tacos,Fast-food,5.09,3,15.27,Online,Female,Evening,2023-05
2023-05-21,Tea,Beverages,3.0,3,9.0,Online,Female,Afternoon,2023-05
2023-05-21,Milkshake,Beverages,5.2,3,15.61,Cash,Male,Afternoon,2023-05
2023-05-21,Milkshake,Beverages,2.13,1,2.13,Others,Female,Night,2023-05
2023-05-21,Tacos,Fast-food,5.22,1,5.22,Online,Male,Night,2023-05
2023-05-21,Tacos,Fast-food,13.71,2,27.42,Cash,Male,Morning,2023-05
2023-05-21,Fries,Fast-food,9.59,2,19.18,Online,Female,Midnight,2023-05
2023-05-21,Fries,Fast-food,6.5,3,19.51,Cash,Male,Morning,2023-05
2023-05-21,Tacos,Fast-food,13.92,3,41.75,Online,Male,Morning,2023-05
2023-05-21,Smoothie,Beverages,3.01,2,6.01,Cash,Female,Night,2023-05
2023-05-21,Coffee,Beverages,2.96,4,11.84,Online,Male,Midnight,2023-05
2023-05-22,Tea,Beverages,4.04,2,8.09,Cash,Female,Midnight,2023-05
2023-05-22,Tacos,Fast-food,13.44,4,53.76,Online,Male,Morning,2023-05
2023-05-22,Coffee,Beverages,2.78,1,2.78,Online,Male,Afternoon,2023-05
2023-05-22,Tea,Beverages,2.28,3,6.83,Cash,Female,Night,2023-05
2023-05-22,Pizza,Fast-food,11.56,4,46.24,Cash,Female,Afternoon,2023-05
2023-05-22,Fries,Fast-food,8.02,1,8.02,Online,Female,Night,2023-05
2023-05-22,Tacos,Fast-food,12.38,4,49.54,Online,Female,Afternoon,2023-05
2023-05-23,Sandwich,Fast-food,6.6,1,6.6,Online,Female,Afternoon,2023-05
2023-05-23,Coffee,Beverages,7.66,4,30.64,Online,Male,Night,2023-05
2023-05-23,Pizza,Fast-food,12.23,3,36.7,Online,Female,Midnight,2023-05
2023-05-23,Tea,Beverages,6.75,2,13.5,Online,Female,Night,2023-05
2023-05-23,Fries,Fast-food,8.04,4,32.17,Others,Male,Evening,2023-05
2023-05-23,Coffee,Beverages,4.62,4,18.47,Online,Male,Afternoon,2023-05
2023-05-23,Pizza,Fast-food,11.72,4,46.87,Others,Male,Evening,2023-05
2023-05-23,Burger,Fast-food,7.08,2,14.17,Cash,Male,Afternoon,2023-05
2023-05-24,Smoothie,Beverages,5.95,2,11.89,Others,Female,Morning,2023-05
2023-05-24,Tacos,Fast-food,10.73,3,32.19,Online,Female,Evening,2023-05
2023-05-24,Fries,Fast-food,7.57,4,30.28,Others,Female,Morning,2023-05
2023-05-24,Tea,Beverages,6.66,3,19.99,Online,Female,Afternoon,2023-05
2023-05-24,Sandwich,Fast-food,6.19,3,18.57,Cash,Female,Night,2023-05
2023-05-24,Smoothie,Beverages,5.81,1,5.81,Cash,Male,Afternoon,2023-05
2023-05-24,Burger,Fast-food,12.75,1,12.75,Online,Female,Evening,2023-05
2023-05-24,Juice,Beverages,7.8,4,31.21,Others,Male,Evening,2023-05
2023-05-25,Burger,Fast-food,7.5,1,7.5,Cash,Female,Evening,2023-05
2023-05-25,Sandwich,Fast-food,13.76,1,13.76,Others,Male,Morning,2023-05
2023-05-25,Coffee,Beverages,7.54,2,15.08,Others,Male,Night,2023-05
2023-05-25,Hotdog,Fast-food,12.57,4,50.27,Cash,Female,Evening,2023-05
2023-05-25,Tea,Beverages,2.42,1,2.42,Cash,Male,Midnight,2023-05
2023-05-25,Tea,Beverages,3.5,1,3.5,Others,Male,Night,2023-05
2023-05-25,Tea,Beverages,7.3,2,14.61,Others,Male,Midnight,2023-05
2023-05-25,Sandwich,Fast-food,9.86,2,19.73,Cash,Female,Afternoon,2023-05
2023-05-25,Juice,Beverages,3.31,2,6.63,Others,Male,Midnight,2023-05
2023-05-26,Hotdog,Fast-food,7.52,2,15.03,Cash,Male,Evening,2023-05
2023-05-26,Tea,Beverages,7.6,3,22.8,Online,Male,Midnight,2023-05
2023-05-26,Sandwich,Fast-food,9.44,3,28.32,Cash,Male,Afternoon,2023-05
2023-05-26,Tea,Beverages,4.21,3,12.62,Online,Male,Night,2023-05
2023-05-26,Burger,Fast-food,12.82,4,51.29,Cash,Male,Midnight,2023-05
2023-05-26,Fries,Fast-food,10.12,2,20.24,Cash,Male,Evening,2023-05
2023-05-26,Smoothie,Beverages,4.87,4,19.49,Cash,Female,Afternoon,2023-05
2023-05-27,Sandwich,Fast-food,13.44,2,26.87,Others,Male,Evening,2023-05
2023-05-27,Hotdog,Fast-food,11.02,2,22.05,Online,Male,Morning,2023-05
2023-05-27,Tacos,Fast-food,9.28,1,9.28,Online,Male,Night,2023-05
2023-05-27,Fries,Fast-food,8.05,2,16.1,Others,Female,Morning,2023-05
2023-05-27,Hotdog,Fast-food,10.62,3,31.87,Cash,Female,Morning,2023-05
2023-05-27,Juice,Beverages,6.23,1,6.23,Cash,Female,Evening,2023-05
2023-05-27,Smoothie,Beverages,4.05,2,8.1,Others,Male,Afternoon,2023-05
2023-05-27,Juice,Beverages,7.03,4,28.13,Cash,Female,Afternoon,2023-05
2023-05-28,Sandwich,Fast-food,5.13,3,15.38,Others,Female,Evening,2023-05
2023-05-28,Soda,Beverages,3.53,4,14.1,Online,Male,Evening,2023-05
2023-05-28,Juice,Beverages,6.09,2,12.17,Others,Male,Evening,2023-05
2023-05-28,Fries,Fast-food,11.31,2,22.62,Cash,Male,Evening,2023-05
2023-05-28,Juice,Beverages,2.66,2,5.33,Cash,Male,Afternoon,2023-05
2023-05-28,Soda,Beverages,6.47,1,6.47,Cash,Male,Evening,2023-05
2023-05-28,Tacos,Fast-food,11.82,2,23.63,Cash,Female,Evening,2023-05
2023-05-29,Soda,Beverages,7.26,4,29.04,Cash,Male,Night,2023-05
2023-05-29,Fries,Fast-food,10.01,4,40.05,Others,Male,Evening,2023-05
2023-05-29,Burger,Fast-food,6.31,2,12.62,Online,Male,Midnight,2023-05
2023-05-29,Hotdog,Fast-food,12.23,2,24.45,Online,Male,Evening,2023-05
2023-05-29,Smoothie,Beverages,2.41,1,2.41,Online,Male,Morning,2023-05
2023-05-29,Smoothie,Beverages,4.39,3,13.17,Online,Female,Night,2023-05
2023-05-29,Soda,Beverages,6.66,4,26.63,Cash,Male,Night,2023-05
2023-05-29,Hotdog,Fast-food,7.26,1,7.26,Others,Female,Night,2023-05
2023-05-29,Juice,Beverages,4.21,3,12.63,Online,Female,Evening,2023-05
2023-05-29,Tea,Beverages,5.8,2,11.6,Cash,Female,Afternoon,2023-05
2023-05-29,Smoothie,Beverages,4.66,3,13.97,Others,Male,Morning,2023-05
2023-05-29,Sandwich,Fast-food,9.84,4,39.34,Cash,Female,Morning,2023-05
2023-05-30,Pizza,Fast-food,8.15,4,32.61,Online,Male,Morning,2023-05
2023-05-30,Coffee,Beverages,5.03,2,10.06,Online,Female,Night,2023-05
2023-05-30,Smoothie,Beverages,3.89,4,15.56,Cash,Female,Midnight,2023-05
2023-05-30,Coffee,Beverages,2.5,1,2.5,Cash,Male,Morning,2023-05
2023-05-30,Tea,Beverages,6.69,2,13.37,Others,Male,Night,2023-05
2023-05-30,Juice,Beverages,7.77,4,31.07,Online,Male,Morning,2023-05
2023-05-30,Juice,Beverages,7.6,1,7.6,Online,Male,Night,2023-05
2023-05-30,Sandwich,Fast-food,13.66,2,27.33,Others,Male,Midnight,2023-05
2023-05-30,Burger,Fast-food,13.17,4,52.66,Others,Female,Evening,2023-05
2023-05-30,Coffee,Beverages,7.55,3,22.65,Online,Male,Midnight,2023-05
2023-05-30,Pizza,Fast-food,6.79,1,6.79,Cash,Male,Morning,2023-05
2023-05-30,Soda,Beverages,6.3,1,6.3,Others,Female,Afternoon,2023-05
2023-05-30,Burger,Fast-food,13.42,3,40.26,Online,Male,Evening,2023-05
2023-05-31,Hotdog,Fast-food,12.1,2,24.19,Online,Female,Morning,2023-05
2023-05-31,Coffee,Beverages,7.28,1,7.28,Others,Female,Midnight,2023-05
2023-05-31,Burger,Fast-food,11.7,4,46.81,Cash,Female,Night,2023-05
2023-05-31,Sandwich,Fast-food,5.41,4,21.63,Online,Female,Evening,2023-05
2023-05-31,Pizza,Fast-food,6.81,4,27.24,Online,Female,Afternoon,2023-05
2023-05-31,Juice,Beverages,3.05,4,12.19,Online,Female,Midnight,2023-05
2023-05-31,Hotdog,Fast-food,9.19,4,36.74,Others,Female,Evening,2023-05
2023-05-31,Fries,Fast-food,7.28,1,7.28,Cash,Female,Night,2023-05
2023-05-31,Juice,Beverages,6.45,2,12.89,Cash,Female,Midnight,2023-05
2023-05-31,Sandwich,Fast-food,10.61,2,21.22,Cash,Male,Afternoon,2023-05
2023-05-31,Pizza,Fast-food,9.35,2,18.7,Cash,Male,Morning,2023-05
2023-05-31,Juice,Beverages,6.29,3,18.86,Others,Male,Afternoon,2023-05
2023-06-01,Soda,Beverages,2.04,4,8.15,Others,Male,Afternoon,2023-06
2023-06-01,Tacos,Fast-food,14.84,3,44.52,Cash,Female,Afternoon,2023-06
2023-06-01,Tacos,Fast-food,9.54,1,9.54,Others,Female,Afternoon,2023-06
2023-06-01,Soda,Beverages,3.12,1,3.12,Cash,Male,Evening,2023-06
2023-06-01,Fries,Fast-food,12.74,4,50.98,Cash,Male,Midnight,2023-06
2023-06-01,Milkshake,Beverages,5.96,3,17.89,Others,Female,Afternoon,2023-06
2023-06-01,Hotdog,Fast-food,8.84,1,8.84,Others,Female,Morning,2023-06
2023-06-01,Sandwich,Fast-food,8.5,1,8.5,Others,Male,Night,2023-06
2023-06-01,Soda,Beverages,6.48,4,25.93,Online,Female,Morning,2023-06
2023-06-02,Hotdog,Fast-food,10.32,3,30.96,Online,Female,Midnight,2023-06
2023-06-02,Tacos,Fast-food,5.97,2,11.94,Online,Female,Evening,2023-06
2023-06-02,Smoothie,Beverages,2.41,1,2.41,Others,Male,Morning,2023-06
2023-06-02,Milkshake,Beverages,7.98,1,7.98,Others,Male,Morning,2023-06
2023-06-02,Burger,Fast-food,13.08,2,26.16,Cash,Female,Afternoon,2023-06
2023-06-02,Fries,Fast-food,13.61,2,27.22,Online,Male,Midnight,2023-06
2023-06-02,Fries,Fast-food,5.16,3,15.48,Cash,Male,Night,2023-06
2023-06-03,Hotdog,Fast-food,6.6,4,26.39,Cash,Female,Morning,2023-06
2023-06-03,Burger,Fast-food,6.95,4,27.81,Online,Female,Night,2023-06
2023-06-03,Hotdog,Fast-food,12.67,3,38.01,Online,Male,Evening,2023-06
2023-06-03,Tacos,Fast-food,10.3,4,41.21,Online,Female,Midnight,2023-06
2023-06-03,Soda,Beverages,7.02,3,21.06,Cash,Female,Night,2023-06
2023-06-03,Tacos,Fast-food,7.01,2,14.03,Others,Male,Evening,2023-06
2023-06-03,Tacos,Fast-food,14.03,3,42.1,Cash,Female,Morning,2023-06
2023-06-03,Tacos,Fast-food,9.23,2,18.46,Others,Male,Afternoon,2023-06
2023-06-03,Milkshake,Beverages,5.08,4,20.33,Others,Female,Afternoon,2023-06
2023-06-04,Fries,Fast-food,5.86,2,11.72,Others,Female,Midnight,2023-06
2023-06-04,Burger,Fast-food,5.28,1,5.28,Others,Female,Midnight,2023-06
2023-06-04,Milkshake,Beverages,7.95,4,31.8,Online,Female,Night,2023-06
2023-06-04,Burger,Fast-food,13.85,2,27.69,Cash,Male,Morning,2023-06
2023-06-04,Burger,Fast-food,8.51,4,34.04,Online,Male,Night,2023-06
2023-06-04,Smoothie,Beverages,3.21,1,3.21,Others,Male,Midnight,2023-06
2023-06-04,Hotdog,Fast-food,6.02,2,12.04,Online,Female,Midnight,2023-06
2023-06-04,Soda,Beverages,3.43,4,13.71,Online,Female,Afternoon,2023-06
2023-06-04,Burger,Fast-food,12.22,1,12.22,Cash,Male,Morning,2023-06
2023-06-04,Smoothie,Beverages,5.83,3,17.5,Others,Male,Evening,2023-06
2023-06-04,Burger,Fast-food,13.53,2,27.06,Cash,Female,Evening,2023-06
2023-06-05,Coffee,Beverages,7.86,3,23.58,Cash,Female,Night,2023-06
2023-06-05,Sandwich,Fast-food,6.11,1,6.11,Online,Male,Morning,2023-06
2023-06-05,Sandwich,Fast-food,14.23,2,28.45,Others,Female,Midnight,2023-06
2023-06-05,Soda,Beverages,3.83,4,15.31,Online,Male,Morning,2023-06
2023-06-05,Fries,Fast-food,6.0,2,11.99,Others,Male,Midnight,2023-06
2023-06-05,Juice,Beverages,3.55,2,7.1,Others,Female,Afternoon,2023-06
2023-06-05,Hotdog,Fast-food,14.93,1,14.93,Others,Female,Midnight,2023-06
2023-06-05,Soda,Beverages,4.72,2,9.43,Others,Male,Evening,2023-06
2023-06-05,Smoothie,Beverages,4.56,3,13.69,Others,Male,Night,2023-06
2023-06-05,Sandwich,Fast-food,13.16,1,13.16,Others,Male,Afternoon,2023-06
2023-06-05,Coffee,Beverages,3.3,1,3.3,Online,Male,Midnight,2023-06
2023-06-05,Hotdog,Fast-food,6.18,3,18.53,Others,Male,Night,2023-06
2023-06-06,Tacos,Fast-food,14.64,3,43.93,Others,Female,Afternoon,2023-06
2023-06-06,Soda,Beverages,3.77,2,7.54,Cash,Male,Morning,2023-06
2023-06-06,Juice,Beverages,2.18,2,4.37,Cash,Female,Evening,2023-06
2023-06-06,Sandwich,Fast-food,12.62,4,50.49,Cash,Female,Morning,2023-06
2023-06-06,Coffee,Beverages,4.26,2,8.52,Cash,Female,Night,2023-06
2023-06-06,Hotdog,Fast-food,6.01,2,12.03,Cash,Female,Afternoon,2023-06
2023-06-06,Burger,Fast-food,9.64,3,28.91,Cash,Male,Morning,2023-06
2023-06-06,Smoothie,Beverages,6.03,4,24.11,Cash,Female,Midnight,2023-06
2023-06-07,Sandwich,Fast-food,9.15,3,27.45,Online,Male,Evening,2023-06
2023-06-07,Sandwich,Fast-food,8.7,3,26.1,Online,Female,Afternoon,2023-06
2023-06-07,Hotdog,Fast-food,11.27,3,33.8,Cash,Male,Night,2023-06
2023-06-07,Hotdog,Fast-food,9.61,1,9.61,Cash,Female,Afternoon,2023-06
2023-06-07,Milkshake,Beverages,4.22,3,12.65,Others,Female,Night,2023-06
2023-06-07,Smoothie,Beverages,6.87,1,6.87,Others,Male,Night,2023-06
2023-06-07,Pizza,Fast-food,9.58,2,19.16,Cash,Male,Evening,2023-06
2023-06-08,Juice,Beverages,7.37,4,29.48,Others,Male,Morning,2023-06
2023-06-08,Milkshake,Beverages,7.19,2,14.39,Online,Female,Night,2023-06
2023-06-08,Tacos,Fast-food,11.48,3,34.43,Others,Female,Night,2023-06
2023-06-08,Milkshake,Beverages,3.49,1,3.49,Cash,Female,Morning,2023-06
2023-06-08,Burger,Fast-food,14.22,1,14.22,Cash,Female,Afternoon,2023-06
2023-06-08,Pizza,Fast-food,11.6,4,46.4,Online,Male,Morning,2023-06
2023-06-09,Sandwich,Fast-food,9.86,2,19.71,Cash,Male,Midnight,2023-06
2023-06-09,Soda,Beverages,4.75,3,14.26,Online,Female,Midnight,2023-06
2023-06-09,Smoothie,Beverages,7.67,4,30.68,Others,Male,Midnight,2023-06
2023-06-09,Hotdog,Fast-food,13.95,2,27.89,Online,Female,Evening,2023-06
2023-06-09,Soda,Beverages,2.96,2,5.91,Cash,Male,Evening,2023-06
2023-06-09,Coffee,Beverages,2.89,2,5.78,Cash,Male,Afternoon,2023-06
2023-06-09,Pizza,Fast-food,6.87,3,20.6,Cash,Female,Morning,2023-06
2023-06-09,Milkshake,Beverages,6.09,1,6.09,Cash,Male,Night,2023-06
2023-06-09,Hotdog,Fast-food,14.38,3,43.13,Others,Female,Morning,2023-06
2023-06-09,Smoothie,Beverages,6.03,3,18.08,Others,Female,Evening,2023-06
2023-06-09,Smoothie,Beverages,3.83,4,15.31,Cash,Male,Evening,2023-06
2023-06-09,Sandwich,Fast-food,9.39,4,37.56,Cash,Male,Afternoon,2023-06
2023-06-09,Sandwich,Fast-food,11.0,4,44.01,Cash,Female,Morning,2023-06
2023-06-09,Burger,Fast-food,5.19,1,5.19,Online,Male,Midnight,2023-06
2023-06-10,Sandwich,Fast-food,8.85,3,26.55,Cash,Male,Morning,2023-06
2023-06-10,Coffee,Beverages,5.09,1,5.09,Cash,Male,Night,2023-06
2023-06-10,Hotdog,Fast-food,10.93,4,43.73,Online,Female,Morning,2023-06
2023-06-10,Hotdog,Fast-food,8.89,3,26.67,Online,Female,Night,2023-06
2023-06-10,Milkshake,Beverages,5.72,2,11.45,Cash,Male,Night,2023-06
2023-06-10,Sandwich,Fast-food,10.5,2,21.0,Others,Male,Night,2023-06
2023-06-11,Tacos,Fast-food,7.98,1,7.98,Others,Female,Afternoon,2023-06
2023-06-11,Pizza,Fast-food,14.37,3,43.12,Cash,Male,Afternoon,2023-06
2023-06-11,Juice,Beverages,5.9,2,11.8,Cash,Female,Midnight,2023-06
2023-06-11,Coffee,Beverages,2.11,4,8.44,Online,Male,Midnight,2023-06
2023-06-11,Sandwich,Fast-food,6.62,3,19.85,Cash,Female,Night,2023-06
2023-06-11,Sandwich,Fast-food,6.5,2,12.99,Others,Female,Morning,2023-06
2023-06-11,Sandwich,Fast-food,7.66,2,15.33,Cash,Male,Midnight,2023-06
2023-06-11,Soda,Beverages,2.69,2,5.37,Others,Male,Midnight,2023-06
2023-06-11,Sandwich,Fast-food,6.39,3,19.16,Cash,Male,Morning,2023-06
2023-06-11,Tea,Beverages,7.72,3,23.17,Others,Male,Morning,2023-06
2023-06-11,Milkshake,Beverages,2.33,2,4.66,Others,Female,Morning,2023-06
2023-06-12,Burger,Fast-food,6.37,1,6.37,Cash,Female,Night,2023-06
2023-06-12,Tacos,Fast-food,13.52,3,40.55,Online,Female,Midnight,2023-06
2023-06-12,Soda,Beverages,2.09,2,4.18,Others,Female,Afternoon,2023-06
2023-06-12,Milkshake,Beverages,2.86,2,5.72,Cash,Male,Evening,2023-06
2023-06-12,Smoothie,Beverages,3.11,1,3.11,Online,Male,Afternoon,2023-06
2023-06-12,Coffee,Beverages,5.7,2,11.39,Online,Female,Night,2023-06
2023-06-12,Milkshake,Beverages,3.34,3,10.01,Others,Male,Evening,2023-06
2023-06-13,Tacos,Fast-food,5.41,3,16.24,Online,Male,Morning,2023-06
2023-06-13,Fries,Fast-food,8.48,4,33.93,Online,Female,Morning,2023-06
2023-06-13,Soda,Beverages,6.35,4,25.41,Others,Male,Midnight,2023-06
2023-06-13,Milkshake,Beverages,5.56,2,11.13,Others,Female,Evening,2023-06
2023-06-13,Hotdog,Fast-food,11.4,4,45.61,Online,Female,Evening,2023-06
2023-06-13,Pizza,Fast-food,5.09,1,5.09,Cash,Male,Evening,2023-06
2023-06-13,Soda,Beverages,2.04,3,6.13,Online,Female,Evening,2023-06
2023-06-13,Soda,Beverages,5.66,3,16.98,Cash,Female,Morning,2023-06
2023-06-14,Tea,Beverages,6.3,3,18.9,Online,Male,Midnight,2023-06
2023-06-14,Sandwich,Fast-food,7.27,2,14.53,Online,Male,Afternoon,2023-06
2023-06-14,Tea,Beverages,4.2,2,8.41,Others,Male,Midnight,2023-06
2023-06-14,Coffee,Beverages,5.86,4,23.43,Others,Male,Evening,2023-06
2023-06-14,Burger,Fast-food,8.15,3,24.45,Cash,Female,Night,2023-06
2023-06-14,Coffee,Beverages,4.07,1,4.07,Cash,Female,Night,2023-06
2023-06-14,Fries,Fast-food,11.52,1,11.52,Cash,Female,Night,2023-06
2023-06-14,Juice,Beverages,6.23,1,6.23,Cash,Female,Evening,2023-06
2023-06-14,Coffee,Beverages,7.7,3,23.09,Online,Female,Midnight,2023-06
2023-06-14,Soda,Beverages,4.14,2,8.28,Cash,Male,Midnight,2023-06
2023-06-14,Tacos,Fast-food,11.53,1,11.53,Online,Male,Night,2023-06
2023-06-14,Juice,Beverages,2.54,3,7.62,Online,Female,Midnight,2023-06
2023-06-14,Soda,Beverages,4.64,2,9.28,Others,Female,Morning,2023-06
2023-06-14,Tacos,Fast-food,11.96,3,35.88,Others,Female,Afternoon,2023-06
2023-06-15,Soda,Beverages,4.99,1,4.99,Online,Female,Evening,2023-06
2023-06-15,Tea,Beverages,3.47,4,13.88,Others,Female,Morning,2023-06
2023-06-15,Milkshake,Beverages,5.26,3,15.79,Online,Male,Night,2023-06
2023-06-15,Smoothie,Beverages,4.26,3,12.78,Others,Male,Afternoon,2023-06
2023-06-15,Sandwich,Fast-food,9.98,3,29.94,Others,Male,Night,2023-06
2023-06-15,Coffee,Beverages,6.18,3,18.54,Online,Female,Midnight,2023-06
2023-06-15,Sandwich,Fast-food,9.2,3,27.61,Others,Female,Afternoon,2023-06
2023-06-15,Fries,Fast-food,14.91,4,59.65,Others,Male,Morning,2023-06
2023-06-15,Hotdog,Fast-food,11.8,3,35.4,Cash,Female,Evening,2023-06
2023-06-15,Pizza,Fast-food,11.18,1,11.18,Cash,Male,Evening,2023-06
2023-06-15,Burger,Fast-food,11.96,1,11.96,Online,Male,Evening,2023-06
2023-06-15,Tacos,Fast-food,13.91,2,27.82,Others,Male,Midnight,2023-06
2023-06-15,Smoothie,Beverages,3.73,1,3.73,Online,Male,Afternoon,2023-06
2023-06-16,Fries,Fast-food,14.33,2,28.67,Online,Female,Night,2023-06
2023-06-16,Burger,Fast-food,6.85,4,27.42,Cash,Male,Night,2023-06
2023-06-16,Coffee,Beverages,3.9,1,3.9,Online,Male,Midnight,2023-06
2023-06-16,Tea,Beverages,7.35,1,7.35,Cash,Male,Night,2023-06
2023-06-16,Juice,Beverages,2.25,2,4.49,Online,Female,Morning,2023-06
2023-06-16,Pizza,Fast-food,8.2,4,32.78,Cash,Female,Morning,2023-06
2023-06-16,Hotdog,Fast-food,11.32,4,45.27,Others,Male,Midnight,2023-06
2023-06-16,Tacos,Fast-food,11.76,4,47.06,Online,Female,Afternoon,2023-06
2023-06-16,Coffee,Beverages,7.67,3,23.01,Cash,Male,Evening,2023-06
2023-06-16,Milkshake,Beverages,2.54,2,5.09,Online,Male,Evening,2023-06
2023-06-17,Juice,Beverages,5.36,3,16.07,Cash,Male,Evening,2023-06
2023-06-17,Tea,Beverages,4.9,3,14.7,Others,Male,Evening,2023-06
2023-06-17,Fries,Fast-food,8.52,4,34.08,Cash,Female,Midnight,2023-06
2023-06-17,Tacos,Fast-food,10.39,2,20.78,Others,Female,Evening,2023-06
2023-06-17,Smoothie,Beverages,3.87,4,15.47,Others,Female,Morning,2023-06
2023-06-17,Sandwich,Fast-food,5.93,1,5.93,Others,Female,Evening,2023-06
2023-06-17,Coffee,Beverages,3.83,3,11.48,Others,Female,Morning,2023-06
2023-06-17,Fries,Fast-food,11.51,1,11.51,Cash,Female,Night,2023-06
2023-06-17,Tacos,Fast-food,10.95,1,10.95,Cash,Male,Morning,2023-06
2023-06-17,Milkshake,Beverages,4.68,2,9.36,Online,Male,Night,2023-06
2023-06-17,Smoothie,Beverages,2.49,1,2.49,Others,Female,Afternoon,2023-06
2023-06-17,Juice,Beverages,6.75,1,6.75,Cash,Male,Morning,2023-06
2023-06-18,Sandwich,Fast-food,11.62,2,23.24,Online,Female,Midnight,2023-06
2023-06-18,Smoothie,Beverages,2.95,2,5.91,Online,Male,Morning,2023-06
2023-06-18,Burger,Fast-food,7.81,2,15.63,Others,Male,Evening,2023-06
2023-06-18,Burger,Fast-food,6.38,4,25.53,Others,Male,Evening,2023-06
2023-06-18,Soda,Beverages,2.09,4,8.38,Cash,Male,Midnight,2023-06
2023-06-18,Pizza,Fast-food,13.32,2,26.64,Others,Male,Afternoon,2023-06
2023-06-18,Coffee,Beverages,6.73,3,20.2,Others,Male,Afternoon,2023-06
2023-06-18,Pizza,Fast-food,14.24,2,28.48,Online,Male,Afternoon,2023-06
2023-06-18,Tea,Beverages,2.7,1,2.7,Online,Male,Afternoon,2023-06
2023-06-18,Milkshake,Beverages,6.34,2,12.69,Online,Female,Afternoon,2023-06
2023-06-18,Fries,Fast-food,12.41,2,24.83,Others,Female,Afternoon,2023-06
2023-06-19,Fries,Fast-food,13.9,4,55.58,Cash,Female,Morning,2023-06
2023-06-19,Sandwich,Fast-food,14.64,2,29.28,Online,Male,Morning,2023-06
2023-06-19,Juice,Beverages,6.83,3,20.48,Cash,Female,Night,2023-06
2023-06-19,Fries,Fast-food,10.4,3,31.2,Online,Male,Morning,2023-06
2023-06-19,Burger,Fast-food,12.75,1,12.75,Cash,Female,Midnight,2023-06
2023-06-19,Milkshake,Beverages,7.89,1,7.89,Cash,Male,Night,2023-06
2023-06-19,Pizza,Fast-food,13.43,2,26.85,Online,Male,Afternoon,2023-06
2023-06-19,Sandwich,Fast-food,11.72,2,23.44,Others,Female,Night,2023-06
2023-06-19,Hotdog,Fast-food,12.79,1,12.79,Others,Female,Afternoon,2023-06
2023-06-19,Tacos,Fast-food,8.79,1,8.79,Online,Female,Midnight,2023-06
2023-06-19,Tea,Beverages,4.19,4,16.77,Online,Female,Night,2023-06
2023-06-19,Coffee,Beverages,7.58,1,7.58,Others,Male,Evening,2023-06
2023-06-20,Burger,Fast-food,7.56,1,7.56,Cash,Male,Afternoon,2023-06
2023-06-20,Milkshake,Beverages,2.42,4,9.69,Cash,Male,Night,2023-06
2023-06-20,Hotdog,Fast-food,8.29,4,33.15,Cash,Female,Evening,2023-06
2023-06-20,Hotdog,Fast-food,11.16,4,44.64,Others,Male,Morning,2023-06
2023-06-20,Coffee,Beverages,4.94,2,9.88,Online,Male,Night,2023-06
2023-06-20,Tacos,Fast-food,6.66,2,13.32,Online,Female,Evening,2023-06
2023-06-20,Soda,Beverages,4.22,3,12.67,Cash,Female,Morning,2023-06
2023-06-20,Tea,Beverages,4.49,4,17.97,Online,Female,Afternoon,2023-06
2023-06-20,Pizza,Fast-food,6.08,4,24.33,Online,Male,Night,2023-06
2023-06-20,Pizza,Fast-food,10.03,3,30.1,Others,Male,Afternoon,2023-06
2023-06-20,Hotdog,Fast-food,11.08,4,44.31,Online,Female,Morning,2023-06
2023-06-20,Coffee,Beverages,4.67,3,14.0,Others,Male,Evening,2023-06
2023-06-21,Milkshake,Beverages,3.27,2,6.54,Others,Male,Evening,2023-06
2023-06-21,Juice,Beverages,7.76,1,7.76,Cash,Male,Evening,2023-06
2023-06-21,Milkshake,Beverages,4.8,2,9.59,Online,Male,Evening,2023-06
2023-06-21,Burger,Fast-food,12.39,2,24.79,Online,Male,Afternoon,2023-06
2023-06-21,Hotdog,Fast-food,7.11,3,21.32,Others,Male,Morning,2023-06
2023-06-21,Pizza,Fast-food,10.26,3,30.78,Cash,Female,Evening,2023-06
2023-06-21,Coffee,Beverages,6.46,4,25.84,Cash,Male,Night,2023-06
2023-06-22,Sandwich,Fast-food,14.43,2,28.87,Cash,Male,Night,2023-06
2023-06-22,Burger,Fast-food,14.21,3,42.64,Others,Male,Midnight,2023-06
2023-06-22,Juice,Beverages,2.99,2,5.97,Online,Female,Night,2023-06
2023-06-22,Tea,Beverages,4.65,2,9.31,Cash,Male,Afternoon,2023-06
2023-06-22,Fries,Fast-food,7.45,3,22.35,Cash,Female,Midnight,2023-06
2023-06-22,Smoothie,Beverages,3.92,3,11.77,Others,Male,Evening,2023-06
2023-06-22,Juice,Beverages,3.16,3,9.49,Others,Male,Evening,2023-06
2023-06-22,Tacos,Fast-food,10.97,4,43.88,Online,Male,Evening,2023-06
2023-06-22,Pizza,Fast-food,13.58,4,54.32,Online,Female,Midnight,2023-06
2023-06-22,Fries,Fast-food,12.03,4,48.13,Online,Male,Midnight,2023-06
2023-06-22,Smoothie,Beverages,3.94,3,11.82,Online,Male,Morning,2023-06
2023-06-23,Hotdog,Fast-food,13.39,1,13.39,Online,Male,Afternoon,2023-06
2023-06-23,Fries,Fast-food,13.47,3,40.4,Cash,Female,Morning,2023-06
2023-06-23,Soda,Beverages,6.21,1,6.21,Cash,Male,Evening,2023-06
2023-06-23,Hotdog,Fast-food,8.77,4,35.07,Cash,Female,Midnight,2023-06
2023-06-23,Soda,Beverages,2.65,1,2.65,Cash,Female,Afternoon,2023-06
2023-06-23,Tacos,Fast-food,6.57,4,26.28,Cash,Female,Midnight,2023-06
2023-06-23,Coffee,Beverages,6.3,3,18.9,Online,Male,Evening,2023-06
2023-06-23,Coffee,Beverages,5.9,3,17.71,Others,Female,Afternoon,2023-06
2023-06-23,Sandwich,Fast-food,13.55,1,13.55,Cash,Female,Night,2023-06
2023-06-23,Milkshake,Beverages,3.32,2,6.64,Online,Male,Evening,2023-06
2023-06-23,Tea,Beverages,6.58,3,19.73,Others,Female,Afternoon,2023-06
2023-06-23,Hotdog,Fast-food,7.67,3,23.01,Online,Female,Midnight,2023-06
2023-06-23,Sandwich,Fast-food,10.44,1,10.44,Cash,Female,Morning,2023-06
2023-06-23,Burger,Fast-food,14.31,1,14.31,Online,Female,Evening,2023-06
2023-06-24,Smoothie,Beverages,2.29,4,9.18,Others,Male,Midnight,2023-06
2023-06-24,Hotdog,Fast-food,10.89,4,43.54,Cash,Female,Night,2023-06
2023-06-24,Pizza,Fast-food,14.16,1,14.16,Cash,Male,Afternoon,2023-06
2023-06-24,Sandwich,Fast-food,14.63,4,58.54,Cash,Female,Afternoon,2023-06
2023-06-24,Tacos,Fast-food,10.94,1,10.94,Cash,Male,Midnight,2023-06
2023-06-25,Sandwich,Fast-food,5.25,2,10.51,Online,Female,Evening,2023-06
2023-06-25,Coffee,Beverages,7.87,3,23.6,Cash,Female,Evening,2023-06
2023-06-25,Pizza,Fast-food,12.73,4,50.94,Others,Female,Evening,2023-06
2023-06-25,Tea,Beverages,7.79,4,31.15,Online,Female,Morning,2023-06
2023-06-25,Soda,Beverages,7.54,2,15.08,Online,Female,Midnight,2023-06
2023-06-25,Soda,Beverages,7.3,4,29.22,Cash,Female,Afternoon,2023-06
2023-06-25,Fries,Fast-food,11.53,1,11.53,Cash,Male,Afternoon,2023-06
2023-06-25,Burger,Fast-food,13.06,4,52.24,Online,Female,Afternoon,2023-06
2023-06-25,Tacos,Fast-food,14.68,1,14.68,Others,Male,Night,2023-06
2023-06-25,Tea,Beverages,6.26,2,12.53,Online,Female,Night,2023-06
2023-06-25,Smoothie,Beverages,3.05,3,9.15,Online,Male,Night,2023-06
2023-06-25,Coffee,Beverages,5.28,3,15.85,Online,Female,Evening,2023-06
2023-06-25,Coffee,Beverages,5.37,3,16.12,Online,Male,Midnight,2023-06
2023-06-26,Milkshake,Beverages,5.39,4,21.57,Cash,Female,Morning,2023-06
2023-06-26,Sandwich,Fast-food,5.53,1,5.53,Online,Male,Evening,2023-06
2023-06-26,Coffee,Beverages,2.81,3,8.44,Others,Female,Afternoon,2023-06
2023-06-26,Burger,Fast-food,10.65,4,42.58,Cash,Female,Afternoon,2023-06
2023-06-26,Hotdog,Fast-food,14.75,3,44.25,Cash,Female,Night,2023-06
2023-06-26,Tea,Beverages,6.22,1,6.22,Online,Female,Evening,2023-06
2023-06-27,Coffee,Beverages,6.69,2,13.39,Online,Female,Midnight,2023-06
2023-06-27,Hotdog,Fast-food,7.25,2,14.51,Cash,Male,Evening,2023-06
2023-06-27,Soda,Beverages,5.65,1,5.65,Online,Female,Midnight,2023-06
2023-06-27,Soda,Beverages,5.71,2,11.41,Cash,Female,Midnight,2023-06
2023-06-27,Pizza,Fast-food,5.74,1,5.74,Cash,Female,Night,2023-06
2023-06-27,Fries,Fast-food,8.72,3,26.17,Cash,Female,Night,2023-06
2023-06-27,Milkshake,Beverages,2.04,3,6.13,Cash,Female,Midnight,2023-06
2023-06-27,Hotdog,Fast-food,5.7,3,17.1,Others,Female,Midnight,2023-06
2023-06-27,Hotdog,Fast-food,11.04,1,11.04,Online,Female,Night,2023-06
2023-06-27,Hotdog,Fast-food,12.66,2,25.33,Online,Male,Morning,2023-06
2023-06-27,Soda,Beverages,7.79,2,15.57,Cash,Male,Midnight,2023-06
2023-06-27,Smoothie,Beverages,6.61,3,19.83,Others,Female,Morning,2023-06
2023-06-27,Burger,Fast-food,6.33,3,19.0,Others,Male,Evening,2023-06
2023-06-27,Hotdog,Fast-food,13.46,1,13.46,Online,Male,Morning,2023-06
2023-06-28,Sandwich,Fast-food,12.71,2,25.41,Others,Male,Morning,2023-06
2023-06-28,Hotdog,Fast-food,8.11,3,24.33,Online,Male,Morning,2023-06
2023-06-28,Hotdog,Fast-food,14.76,1,14.76,Others,Male,Midnight,2023-06
2023-06-28,Fries,Fast-food,11.06,2,22.12,Online,Female,Midnight,2023-06
2023-06-28,Tacos,Fast-food,10.99,4,43.95,Others,Male,Afternoon,2023-06
2023-06-28,Tacos,Fast-food,10.99,2,21.98,Cash,Female,Night,2023-06
2023-06-29,Hotdog,Fast-food,14.1,2,28.21,Others,Male,Night,2023-06
2023-06-29,Tea,Beverages,3.56,2,7.11,Cash,Male,Night,2023-06
2023-06-29,Tea,Beverages,7.24,1,7.24,Cash,Female,Morning,2023-06
2023-06-29,Tacos,Fast-food,8.05,4,32.19,Others,Female,Midnight,2023-06
2023-06-29,Soda,Beverages,2.97,4,11.89,Online,Male,Evening,2023-06
2023-06-29,Smoothie,Beverages,4.88,1,4.88,Cash,Female,Night,2023-06
2023-06-29,Tea,Beverages,7.4,1,7.4,Cash,Male,Afternoon,2023-06
2023-06-29,Burger,Fast-food,8.53,2,17.06,Online,Male,Afternoon,2023-06
2023-06-29,Sandwich,Fast-food,7.91,2,15.82,Online,Male,Afternoon,2023-06
2023-06-29,Burger,Fast-food,12.8,1,12.8,Cash,Male,Morning,2023-06
2023-06-29,Sandwich,Fast-food,9.5,3,28.49,Others,Female,Midnight,2023-06
2023-06-29,Juice,Beverages,4.97,1,4.97,Online,Female,Evening,2023-06
2023-06-29,Soda,Beverages,2.06,3,6.19,Others,Male,Afternoon,2023-06
2023-06-29,Burger,Fast-food,9.77,3,29.3,Others,Female,Afternoon,2023-06
2023-06-30,Soda,Beverages,7.66,2,15.32,Cash,Male,Midnight,2023-06
2023-06-30,Pizza,Fast-food,9.56,3,28.68,Online,Male,Midnight,2023-06
2023-06-30,Soda,Beverages,3.46,1,3.46,Others,Male,Midnight,2023-06
2023-06-30,Milkshake,Beverages,5.59,3,16.77,Online,Male,Morning,2023-06
2023-06-30,Soda,Beverages,5.71,3,17.14,Cash,Male,Night,2023-06
2023-06-30,Tacos,Fast-food,10.92,3,32.76,Others,Male,Afternoon,2023-06
2023-06-30,Hotdog,Fast-food,12.72,4,50.88,Online,Female,Morning,2023-06
2023-06-30,Hotdog,Fast-food,5.77,4,23.07,Online,Male,Morning,2023-06
2023-06-30,Hotdog,Fast-food,5.4,1,5.4,Others,Female,Afternoon,2023-06
2023-06-30,Milkshake,Beverages,6.87,1,6.87,Online,Female,Morning,2023-06
2023-06-30,Smoothie,Beverages,3.37,3,10.11,Cash,Female,Morning,2023-06
2023-06-30,Tacos,Fast-food,6.37,2,12.74,Online,Female,Afternoon,2023-06
